Concept Code;Concept Name;Preferred Concept Name
45001;Abbeville;Abbeville, SC
22001;Acadia;Acadia, LA
51001;Accomack;Accomack, VA
16001;Ada;Ada, ID
19001;Adair;Adair, IA
21001;Adair;Adair, KY
29001;Adair;Adair, MO
40001;Adair;Adair, OK
39001;Adams;Adams, OH
38001;Adams;Adams, ND
31001;Adams;Adams, NE
42001;Adams;Adams, PA
19003;Adams;Adams, IA
28001;Adams;Adams, MS
16003;Adams;Adams, ID
17001;Adams;Adams, IL
18001;Adams;Adams, IN
08001;Adams;Adams, CO
53001;Adams;Adams, WA
55001;Adams;Adams, WI
50001;Addison;Addison, VT
72001;Adjuntas;Adjuntas, PR
72003;Aguada;Aguada, PR
72005;Aguadilla;Aguadilla, PR
72007;Aguas Buenas;Aguas Buenas, PR
72009;Aibonito;Aibonito, PR
45003;Aiken;Aiken, SC
68007;Ailinginae;Ailinginae, MH
68010;Ailinglaplap;Ailinglaplap, MH
68030;Ailuk;Ailuk, MH
70002;Aimeliik;Aimeliik, PW
70004;Airai;Airai, PW
27001;Aitkin;Aitkin, MN
12001;Alachua;Alachua, FL
37001;Alamance;Alamance, NC
06001;Alameda;Alameda, CA
08003;Alamosa;Alamosa, CO
36001;Albany;Albany, NY
56001;Albany;Albany, WY
51003;Albemarle;Albemarle, VA
26001;Alcona;Alcona, MI
28003;Alcorn;Alcorn, MS
02013;Aleutians East;Aleutians East, AK
02016;Aleutians West (CA);Aleutians West (CA), AK
17003;Alexander;Alexander, IL
37003;Alexander;Alexander, NC
51510;Alexandria (city);Alexandria (city), VA
40003;Alfalfa;Alfalfa, OK
26003;Alger;Alger, MI
19005;Allamakee;Allamakee, IA
26005;Allegan;Allegan, MI
24001;Allegany;Allegany, MD
36003;Allegany;Allegany, NY
37005;Alleghany;Alleghany, NC
51005;Alleghany;Alleghany, VA
42003;Allegheny;Allegheny, PA
39003;Allen;Allen, OH
22003;Allen;Allen, LA
20001;Allen;Allen, KS
21003;Allen;Allen, KY
18003;Allen;Allen, IN
45005;Allendale;Allendale, SC
26007;Alpena;Alpena, MI
06003;Alpine;Alpine, CA
06005;Amador;Amador, CA
51007;Amelia;Amelia, VA
51009;Amherst;Amherst, VA
28005;Amite;Amite, MS
72011;Anasco;Anasco, PR
02020;Anchorage;Anchorage, AK
21005;Anderson;Anderson, KY
20003;Anderson;Anderson, KS
45007;Anderson;Anderson, SC
47001;Anderson;Anderson, TN
48001;Anderson;Anderson, TX
29003;Andrew;Andrew, MO
48003;Andrews;Andrews, TX
23001;Androscoggin;Androscoggin, ME
70010;Angaur;Angaur, PW
48005;Angelina;Angelina, TX
24003;Anne Arundel;Anne Arundel, MD
27003;Anoka;Anoka, MN
37007;Anson;Anson, NC
31003;Antelope;Antelope, NE
26009;Antrim;Antrim, MI
04001;Apache;Apache, AZ
19007;Appanoose;Appanoose, IA
13001;Appling;Appling, GA
51011;Appomattox;Appomattox, VA
48007;Aransas;Aransas, TX
08005;Arapahoe;Arapahoe, CO
48009;Archer;Archer, TX
08007;Archuleta;Archuleta, CO
72013;Arecibo;Arecibo, PR
26011;Arenac;Arenac, MI
05001;Arkansas;Arkansas, AR
51013;Arlington;Arlington, VA
48011;Armstrong;Armstrong, TX
42005;Armstrong;Armstrong, PA
68040;Arno;Arno, MH
23003;Aroostook;Aroostook, ME
72015;Arroyo;Arroyo, PR
31005;Arthur;Arthur, NE
22005;Ascension;Ascension, LA
37009;Ashe;Ashe, NC
39005;Ashland;Ashland, OH
55003;Ashland;Ashland, WI
05003;Ashley;Ashley, AR
39007;Ashtabula;Ashtabula, OH
53003;Asotin;Asotin, WA
22007;Assumption;Assumption, LA
48013;Atascosa;Atascosa, TX
29005;Atchison;Atchison, MO
20005;Atchison;Atchison, KS
39009;Athens;Athens, OH
13003;Atkinson;Atkinson, GA
34001;Atlantic;Atlantic, NJ
40005;Atoka;Atoka, OK
28007;Attala;Attala, MS
29007;Audrain;Audrain, MO
19009;Audubon;Audubon, IA
39011;Auglaize;Auglaize, OH
51015;Augusta;Augusta, VA
68050;Aur;Aur, MH
46003;Aurora;Aurora, SD
48015;Austin;Austin, TX
01001;Autauga;Autauga, AL
37011;Avery;Avery, NC
22009;Avoyelles;Avoyelles, LA
08009;Baca;Baca, CO
13005;Bacon;Bacon, GA
48017;Bailey;Bailey, TX
41001;Baker;Baker, OR
13007;Baker;Baker, GA
12003;Baker;Baker, FL
74050;Baker Island;Baker Island, UM
13009;Baldwin;Baldwin, GA
01003;Baldwin;Baldwin, AL
21007;Ballard;Ballard, KY
24005;Baltimore;Baltimore, MD
24510;Baltimore (city);Baltimore (city), MD
45009;Bamberg;Bamberg, SC
48019;Bandera;Bandera, TX
13011;Banks;Banks, GA
31007;Banner;Banner, NE
16005;Bannock;Bannock, ID
26013;Baraga;Baraga, MI
20007;Barber;Barber, KS
01005;Barbour;Barbour, AL
54001;Barbour;Barbour, WV
72017;Barceloneta;Barceloneta, PR
38003;Barnes;Barnes, ND
25001;Barnstable;Barnstable, MA
45011;Barnwell;Barnwell, SC
72019;Barranquitas;Barranquitas, PR
21009;Barren;Barren, KY
55005;Barron;Barron, WI
13013;Barrow;Barrow, GA
26015;Barry;Barry, MI
29009;Barry;Barry, MO
18005;Bartholomew;Bartholomew, IN
20009;Barton;Barton, KS
29011;Barton;Barton, MO
13015;Bartow;Bartow, GA
48021;Bastrop;Bastrop, TX
29013;Bates;Bates, MO
51017;Bath;Bath, VA
21011;Bath;Bath, KY
05005;Baxter;Baxter, AR
12005;Bay;Bay, FL
26017;Bay;Bay, MI
72021;Bayamon;Bayamon, PR
55007;Bayfield;Bayfield, WI
48023;Baylor;Baylor, TX
46005;Beadle;Beadle, SD
16007;Bear Lake;Bear Lake, ID
45013;Beaufort;Beaufort, SC
37013;Beaufort;Beaufort, NC
22011;Beauregard;Beauregard, LA
40007;Beaver;Beaver, OK
42007;Beaver;Beaver, PA
49001;Beaver;Beaver, UT
30001;Beaverhead;Beaverhead, MT
27005;Becker;Becker, MN
40009;Beckham;Beckham, OK
51019;Bedford;Bedford, VA
42009;Bedford;Bedford, PA
47003;Bedford;Bedford, TN
51515;Bedford (city);Bedford (city), VA
48025;Bee;Bee, TX
33001;Belknap;Belknap, NH
48027;Bell;Bell, TX
21013;Bell;Bell, KY
39013;Belmont;Belmont, OH
27007;Beltrami;Beltrami, MN
13017;Ben Hill;Ben Hill, GA
16009;Benewah;Benewah, ID
46007;Bennett;Bennett, SD
50003;Bennington;Bennington, VT
38005;Benson;Benson, ND
08011;Bent;Bent, CO
05007;Benton;Benton, AR
18007;Benton;Benton, IN
27009;Benton;Benton, MN
28009;Benton;Benton, MS
19011;Benton;Benton, IA
41003;Benton;Benton, OR
29015;Benton;Benton, MO
47005;Benton;Benton, TN
53005;Benton;Benton, WA
26019;Benzie;Benzie, MI
34003;Bergen;Bergen, NJ
45015;Berkeley;Berkeley, SC
54003;Berkeley;Berkeley, WV
42011;Berks;Berks, PA
25003;Berkshire;Berkshire, MA
35001;Bernalillo;Bernalillo, NM
26021;Berrien;Berrien, MI
13019;Berrien;Berrien, GA
37015;Bertie;Bertie, NC
02050;Bethel (CA);Bethel (CA), AK
48029;Bexar;Bexar, TX
01007;Bibb;Bibb, AL
13021;Bibb;Bibb, GA
22013;Bienville;Bienville, LA
30003;Big Horn;Big Horn, MT
56003;Big Horn;Big Horn, WY
27011;Big Stone;Big Stone, MN
68060;Bikar;Bikar, MH
68070;Bikini;Bikini, MH
38007;Billings;Billings, ND
16011;Bingham;Bingham, ID
19013;Black Hawk;Black Hawk, IA
18009;Blackford;Blackford, IN
37017;Bladen;Bladen, NC
40011;Blaine;Blaine, OK
30005;Blaine;Blaine, MT
31009;Blaine;Blaine, NE
16013;Blaine;Blaine, ID
42013;Blair;Blair, PA
48031;Blanco;Blanco, TX
51021;Bland;Bland, VA
13023;Bleckley;Bleckley, GA
47007;Bledsoe;Bledsoe, TN
47009;Blount;Blount, TN
01009;Blount;Blount, AL
27013;Blue Earth;Blue Earth, MN
16015;Boise;Boise, ID
68073;Bokak;Bokak, MH
28011;Bolivar;Bolivar, MS
29017;Bollinger;Bollinger, MO
46009;Bon Homme;Bon Homme, SD
17005;Bond;Bond, IL
16017;Bonner;Bonner, ID
16019;Bonneville;Bonneville, ID
17007;Boone;Boone, IL
18011;Boone;Boone, IN
05009;Boone;Boone, AR
19015;Boone;Boone, IA
21015;Boone;Boone, KY
29019;Boone;Boone, MO
31011;Boone;Boone, NE
54005;Boone;Boone, WV
48033;Borden;Borden, TX
48035;Bosque;Bosque, TX
22015;Bossier;Bossier, LA
51023;Botetourt;Botetourt, VA
38009;Bottineau;Bottineau, ND
08013;Boulder;Boulder, CO
16021;Boundary;Boundary, ID
21017;Bourbon;Bourbon, KY
20011;Bourbon;Bourbon, KS
48037;Bowie;Bowie, TX
38011;Bowman;Bowman, ND
31013;Box Butte;Box Butte, NE
49003;Box Elder;Box Elder, UT
31015;Boyd;Boyd, NE
21019;Boyd;Boyd, KY
21021;Boyle;Boyle, KY
21023;Bracken;Bracken, KY
12007;Bradford;Bradford, FL
42015;Bradford;Bradford, PA
47011;Bradley;Bradley, TN
05011;Bradley;Bradley, AR
26023;Branch;Branch, MI
13025;Brantley;Brantley, GA
54007;Braxton;Braxton, WV
48039;Brazoria;Brazoria, TX
48041;Brazos;Brazos, TX
21025;Breathitt;Breathitt, KY
21027;Breckinridge;Breckinridge, KY
19017;Bremer;Bremer, IA
12009;Brevard;Brevard, FL
48043;Brewster;Brewster, TX
48045;Briscoe;Briscoe, TX
25005;Bristol;Bristol, MA
44001;Bristol;Bristol, RI
51520;Bristol (city);Bristol (city), VA
02060;Bristol Bay;Bristol Bay, AK
30007;Broadwater;Broadwater, MT
36005;Bronx;Bronx, NY
54009;Brooke;Brooke, WV
46011;Brookings;Brookings, SD
48047;Brooks;Brooks, TX
13027;Brooks;Brooks, GA
36007;Broome;Broome, NY
08014;Broomfield;Broomfield, CO
12011;Broward;Broward, FL
17009;Brown;Brown, IL
18013;Brown;Brown, IN
27015;Brown;Brown, MN
20013;Brown;Brown, KS
31017;Brown;Brown, NE
39015;Brown;Brown, OH
48049;Brown;Brown, TX
46013;Brown;Brown, SD
55009;Brown;Brown, WI
46015;Brule;Brule, SD
51025;Brunswick;Brunswick, VA
37019;Brunswick;Brunswick, NC
40013;Bryan;Bryan, OK
13029;Bryan;Bryan, GA
19019;Buchanan;Buchanan, IA
29021;Buchanan;Buchanan, MO
51027;Buchanan;Buchanan, VA
51029;Buckingham;Buckingham, VA
42017;Bucks;Bucks, PA
19021;Buena Vista;Buena Vista, IA
51530;Buena Vista (city);Buena Vista (city), VA
55011;Buffalo;Buffalo, WI
46017;Buffalo;Buffalo, SD
31019;Buffalo;Buffalo, NE
21029;Bullitt;Bullitt, KY
13031;Bulloch;Bulloch, GA
01011;Bullock;Bullock, AL
37021;Buncombe;Buncombe, NC
17011;Bureau;Bureau, IL
13033;Burke;Burke, GA
37023;Burke;Burke, NC
38013;Burke;Burke, ND
38015;Burleigh;Burleigh, ND
48051;Burleson;Burleson, TX
34005;Burlington;Burlington, NJ
48053;Burnet;Burnet, TX
55013;Burnett;Burnett, WI
31021;Burt;Burt, NE
31023;Butler;Butler, NE
29023;Butler;Butler, MO
39017;Butler;Butler, OH
42019;Butler;Butler, PA
01013;Butler;Butler, AL
21031;Butler;Butler, KY
19023;Butler;Butler, IA
20015;Butler;Butler, KS
06007;Butte;Butte, CA
16023;Butte;Butte, ID
46019;Butte;Butte, SD
13035;Butts;Butts, GA
37025;Cabarrus;Cabarrus, NC
54011;Cabell;Cabell, WV
72023;Cabo Rojo;Cabo Rojo, PR
49005;Cache;Cache, UT
40015;Caddo;Caddo, OK
22017;Caddo;Caddo, LA
72025;Caguas;Caguas, PR
06009;Calaveras;Calaveras, CA
22019;Calcasieu;Calcasieu, LA
22021;Caldwell;Caldwell, LA
21033;Caldwell;Caldwell, KY
37027;Caldwell;Caldwell, NC
29025;Caldwell;Caldwell, MO
48055;Caldwell;Caldwell, TX
50005;Caledonia;Caledonia, VT
54013;Calhoun;Calhoun, WV
48057;Calhoun;Calhoun, TX
45017;Calhoun;Calhoun, SC
19025;Calhoun;Calhoun, IA
26025;Calhoun;Calhoun, MI
28013;Calhoun;Calhoun, MS
05013;Calhoun;Calhoun, AR
01015;Calhoun;Calhoun, AL
13037;Calhoun;Calhoun, GA
12013;Calhoun;Calhoun, FL
17013;Calhoun;Calhoun, IL
48059;Callahan;Callahan, TX
29027;Callaway;Callaway, MO
21035;Calloway;Calloway, KY
55015;Calumet;Calumet, WI
24009;Calvert;Calvert, MD
16025;Camas;Camas, ID
42021;Cambria;Cambria, PA
29029;Camden;Camden, MO
34007;Camden;Camden, NJ
37029;Camden;Camden, NC
13039;Camden;Camden, GA
22023;Cameron;Cameron, LA
42023;Cameron;Cameron, PA
48061;Cameron;Cameron, TX
48063;Camp;Camp, TX
46021;Campbell;Campbell, SD
47013;Campbell;Campbell, TN
51031;Campbell;Campbell, VA
21037;Campbell;Campbell, KY
56005;Campbell;Campbell, WY
72027;Camuy;Camuy, PR
40017;Canadian;Canadian, OK
13043;Candler;Candler, GA
47015;Cannon;Cannon, TN
72029;Canovanas;Canovanas, PR
16027;Canyon;Canyon, ID
29031;Cape Girardeau;Cape Girardeau, MO
34009;Cape May;Cape May, NJ
30009;Carbon;Carbon, MT
42025;Carbon;Carbon, PA
49007;Carbon;Carbon, UT
56007;Carbon;Carbon, WY
16029;Caribou;Caribou, ID
21039;Carlisle;Carlisle, KY
27017;Carlton;Carlton, MN
72031;Carolina;Carolina, PR
24011;Caroline;Caroline, MD
51033;Caroline;Caroline, VA
51035;Carroll;Carroll, VA
47017;Carroll;Carroll, TN
29033;Carroll;Carroll, MO
33003;Carroll;Carroll, NH
39019;Carroll;Carroll, OH
24013;Carroll;Carroll, MD
28015;Carroll;Carroll, MS
21041;Carroll;Carroll, KY
19027;Carroll;Carroll, IA
17015;Carroll;Carroll, IL
18015;Carroll;Carroll, IN
13045;Carroll;Carroll, GA
05015;Carroll;Carroll, AR
48065;Carson;Carson, TX
32510;Carson City (city);Carson City (city), NV
29035;Carter;Carter, MO
30011;Carter;Carter, MT
40019;Carter;Carter, OK
47019;Carter;Carter, TN
21043;Carter;Carter, KY
37031;Carteret;Carteret, NC
27019;Carver;Carver, MN
30013;Cascade;Cascade, MT
21045;Casey;Casey, KY
19029;Cass;Cass, IA
27021;Cass;Cass, MN
26027;Cass;Cass, MI
18017;Cass;Cass, IN
17017;Cass;Cass, IL
31025;Cass;Cass, NE
29037;Cass;Cass, MO
38017;Cass;Cass, ND
48067;Cass;Cass, TX
16031;Cassia;Cassia, ID
48069;Castro;Castro, TX
37033;Caswell;Caswell, NC
22025;Catahoula;Catahoula, LA
72033;Catano;Catano, PR
37035;Catawba;Catawba, NC
13047;Catoosa;Catoosa, GA
35003;Catron;Catron, NM
36009;Cattaraugus;Cattaraugus, NY
38019;Cavalier;Cavalier, ND
72035;Cayey;Cayey, PR
36011;Cayuga;Cayuga, NY
24015;Cecil;Cecil, MD
19031;Cedar;Cedar, IA
29039;Cedar;Cedar, MO
31027;Cedar;Cedar, NE
72037;Ceiba;Ceiba, PR
42027;Centre;Centre, PA
19033;Cerro Gordo;Cerro Gordo, IA
08015;Chaffee;Chaffee, CO
01017;Chambers;Chambers, AL
48071;Chambers;Chambers, TX
39021;Champaign;Champaign, OH
17019;Champaign;Champaign, IL
29041;Chariton;Chariton, MO
24017;Charles;Charles, MD
51036;Charles City;Charles City, VA
46023;Charles Mix;Charles Mix, SD
45019;Charleston;Charleston, SC
26029;Charlevoix;Charlevoix, MI
12015;Charlotte;Charlotte, FL
51037;Charlotte;Charlotte, VA
51540;Charlottesville (city);Charlottesville (city), VA
13049;Charlton;Charlton, GA
20017;Chase;Chase, KS
31029;Chase;Chase, NE
37037;Chatham;Chatham, NC
13051;Chatham;Chatham, GA
13053;Chattahoochee;Chattahoochee, GA
13055;Chattooga;Chattooga, GA
20019;Chautauqua;Chautauqua, KS
36013;Chautauqua;Chautauqua, NY
35005;Chaves;Chaves, NM
47021;Cheatham;Cheatham, TN
26031;Cheboygan;Cheboygan, MI
53007;Chelan;Chelan, WA
36015;Chemung;Chemung, NY
36017;Chenango;Chenango, NY
37039;Cherokee;Cherokee, NC
40021;Cherokee;Cherokee, OK
48073;Cherokee;Cherokee, TX
45021;Cherokee;Cherokee, SC
20021;Cherokee;Cherokee, KS
19035;Cherokee;Cherokee, IA
13057;Cherokee;Cherokee, GA
01019;Cherokee;Cherokee, AL
31031;Cherry;Cherry, NE
51550;Chesapeake (city);Chesapeake (city), VA
33005;Cheshire;Cheshire, NH
45023;Chester;Chester, SC
42029;Chester;Chester, PA
47023;Chester;Chester, TN
45025;Chesterfield;Chesterfield, SC
51041;Chesterfield;Chesterfield, VA
31033;Cheyenne;Cheyenne, NE
08017;Cheyenne;Cheyenne, CO
20023;Cheyenne;Cheyenne, KS
19037;Chickasaw;Chickasaw, IA
28017;Chickasaw;Chickasaw, MS
05017;Chicot;Chicot, AR
48075;Childress;Childress, TX
01021;Chilton;Chilton, AL
27023;Chippewa;Chippewa, MN
26033;Chippewa;Chippewa, MI
55017;Chippewa;Chippewa, WI
27025;Chisago;Chisago, MN
50007;Chittenden;Chittenden, VT
28019;Choctaw;Choctaw, MS
01023;Choctaw;Choctaw, AL
40023;Choctaw;Choctaw, OK
30015;Chouteau;Chouteau, MT
37041;Chowan;Chowan, NC
29043;Christian;Christian, MO
17021;Christian;Christian, IL
21047;Christian;Christian, KY
32001;Churchill;Churchill, NV
64002;Chuuk;Chuuk, FM
72039;Ciales;Ciales, PR
35006;Cibola;Cibola, NM
72041;Cidra;Cidra, PR
40025;Cimarron;Cimarron, OK
12017;Citrus;Citrus, FL
41005;Clackamas;Clackamas, OR
47025;Claiborne;Claiborne, TN
28021;Claiborne;Claiborne, MS
22027;Claiborne;Claiborne, LA
53009;Clallam;Clallam, WA
26035;Clare;Clare, MI
45027;Clarendon;Clarendon, SC
42031;Clarion;Clarion, PA
46025;Clark;Clark, SD
39023;Clark;Clark, OH
32003;Clark;Clark, NV
29045;Clark;Clark, MO
21049;Clark;Clark, KY
20025;Clark;Clark, KS
05019;Clark;Clark, AR
17023;Clark;Clark, IL
16033;Clark;Clark, ID
18019;Clark;Clark, IN
53011;Clark;Clark, WA
55019;Clark;Clark, WI
01025;Clarke;Clarke, AL
13059;Clarke;Clarke, GA
19039;Clarke;Clarke, IA
28023;Clarke;Clarke, MS
51043;Clarke;Clarke, VA
41007;Clatsop;Clatsop, OR
37043;Clay;Clay, NC
29047;Clay;Clay, MO
31035;Clay;Clay, NE
46027;Clay;Clay, SD
47027;Clay;Clay, TN
48077;Clay;Clay, TX
28025;Clay;Clay, MS
27027;Clay;Clay, MN
19041;Clay;Clay, IA
20027;Clay;Clay, KS
21051;Clay;Clay, KY
13061;Clay;Clay, GA
12019;Clay;Clay, FL
01027;Clay;Clay, AL
05021;Clay;Clay, AR
18021;Clay;Clay, IN
17025;Clay;Clay, IL
54015;Clay;Clay, WV
13063;Clayton;Clayton, GA
19043;Clayton;Clayton, IA
08019;Clear Creek;Clear Creek, CO
42033;Clearfield;Clearfield, PA
16035;Clearwater;Clearwater, ID
27029;Clearwater;Clearwater, MN
05023;Cleburne;Cleburne, AR
01029;Cleburne;Cleburne, AL
39025;Clermont;Clermont, OH
40027;Cleveland;Cleveland, OK
37045;Cleveland;Cleveland, NC
05025;Cleveland;Cleveland, AR
13065;Clinch;Clinch, GA
17027;Clinton;Clinton, IL
18023;Clinton;Clinton, IN
26037;Clinton;Clinton, MI
19045;Clinton;Clinton, IA
21053;Clinton;Clinton, KY
39027;Clinton;Clinton, OH
29049;Clinton;Clinton, MO
36019;Clinton;Clinton, NY
42035;Clinton;Clinton, PA
20029;Cloud;Cloud, KS
28027;Coahoma;Coahoma, MS
40029;Coal;Coal, OK
72043;Coamo;Coamo, PR
13067;Cobb;Cobb, GA
04003;Cochise;Cochise, AZ
48079;Cochran;Cochran, TX
47029;Cocke;Cocke, TN
04005;Coconino;Coconino, AZ
46029;Codington;Codington, SD
47031;Coffee;Coffee, TN
01031;Coffee;Coffee, AL
13069;Coffee;Coffee, GA
20031;Coffey;Coffey, KS
48081;Coke;Coke, TX
01033;Colbert;Colbert, AL
29051;Cole;Cole, MO
48083;Coleman;Coleman, TX
17029;Coles;Coles, IL
31037;Colfax;Colfax, NE
35007;Colfax;Colfax, NM
45029;Colleton;Colleton, SC
12021;Collier;Collier, FL
48085;Collin;Collin, TX
48087;Collingsworth;Collingsworth, TX
51570;Colonial Heights (city);Colonial Heights (city), VA
48089;Colorado;Colorado, TX
13071;Colquitt;Colquitt, GA
13073;Columbia;Columbia, GA
12023;Columbia;Columbia, FL
05027;Columbia;Columbia, AR
42037;Columbia;Columbia, PA
41009;Columbia;Columbia, OR
36021;Columbia;Columbia, NY
53013;Columbia;Columbia, WA
55021;Columbia;Columbia, WI
39029;Columbiana;Columbiana, OH
37047;Columbus;Columbus, NC
06011;Colusa;Colusa, CA
48091;Comal;Comal, TX
48093;Comanche;Comanche, TX
40031;Comanche;Comanche, OK
20033;Comanche;Comanche, KS
72045;Comerio;Comerio, PR
48095;Concho;Concho, TX
22029;Concordia;Concordia, LA
01035;Conecuh;Conecuh, AL
08021;Conejos;Conejos, CO
06013;Contra Costa;Contra Costa, CA
56009;Converse;Converse, WY
05029;Conway;Conway, AR
13075;Cook;Cook, GA
17031;Cook;Cook, IL
27031;Cook;Cook, MN
48097;Cooke;Cooke, TX
29053;Cooper;Cooper, MO
33007;Coos;Coos, NH
41011;Coos;Coos, OR
01037;Coosa;Coosa, AL
28029;Copiah;Copiah, MS
72047;Corozal;Corozal, PR
46031;Corson;Corson, SD
36023;Cortland;Cortland, NY
48099;Coryell;Coryell, TX
39031;Coshocton;Coshocton, OH
08023;Costilla;Costilla, CO
48101;Cottle;Cottle, TX
40033;Cotton;Cotton, OK
27033;Cottonwood;Cottonwood, MN
28031;Covington;Covington, MS
01039;Covington;Covington, AL
51580;Covington (city);Covington (city), VA
13077;Coweta;Coweta, GA
20035;Cowley;Cowley, KS
53015;Cowlitz;Cowlitz, WA
40035;Craig;Craig, OK
51045;Craig;Craig, VA
05031;Craighead;Craighead, AR
48103;Crane;Crane, TX
37049;Craven;Craven, NC
39033;Crawford;Crawford, OH
29055;Crawford;Crawford, MO
42039;Crawford;Crawford, PA
05033;Crawford;Crawford, AR
13079;Crawford;Crawford, GA
17033;Crawford;Crawford, IL
18025;Crawford;Crawford, IN
20037;Crawford;Crawford, KS
19047;Crawford;Crawford, IA
26039;Crawford;Crawford, MI
55023;Crawford;Crawford, WI
40037;Creek;Creek, OK
01041;Crenshaw;Crenshaw, AL
13081;Crisp;Crisp, GA
05035;Crittenden;Crittenden, AR
21055;Crittenden;Crittenden, KY
48105;Crockett;Crockett, TX
47033;Crockett;Crockett, TN
41013;Crook;Crook, OR
56011;Crook;Crook, WY
48107;Crosby;Crosby, TX
05037;Cross;Cross, AR
27035;Crow Wing;Crow Wing, MN
08025;Crowley;Crowley, CO
48109;Culberson;Culberson, TX
72049;Culebra;Culebra, PR
01043;Cullman;Cullman, AL
51047;Culpeper;Culpeper, VA
51049;Cumberland;Cumberland, VA
47035;Cumberland;Cumberland, TN
42041;Cumberland;Cumberland, PA
37051;Cumberland;Cumberland, NC
34011;Cumberland;Cumberland, NJ
17035;Cumberland;Cumberland, IL
23005;Cumberland;Cumberland, ME
21057;Cumberland;Cumberland, KY
31039;Cuming;Cuming, NE
37053;Currituck;Currituck, NC
35009;Curry;Curry, NM
41015;Curry;Curry, OR
40039;Custer;Custer, OK
31041;Custer;Custer, NE
30017;Custer;Custer, MT
46033;Custer;Custer, SD
16037;Custer;Custer, ID
08027;Custer;Custer, CO
39035;Cuyahoga;Cuyahoga, OH
29057;Dade;Dade, MO
13083;Dade;Dade, GA
49009;Daggett;Daggett, UT
31043;Dakota;Dakota, NE
27037;Dakota;Dakota, MN
01045;Dale;Dale, AL
48111;Dallam;Dallam, TX
48113;Dallas;Dallas, TX
01047;Dallas;Dallas, AL
05039;Dallas;Dallas, AR
19049;Dallas;Dallas, IA
55025;Dane;Dane, WI
30019;Daniels;Daniels, MT
51590;Danville (city);Danville (city), VA
37055;Dare;Dare, NC
39037;Darke;Darke, OH
45031;Darlington;Darlington, SC
42043;Dauphin;Dauphin, PA
47037;Davidson;Davidson, TN
37057;Davidson;Davidson, NC
37059;Davie;Davie, NC
29061;Daviess;Daviess, MO
21059;Daviess;Daviess, KY
18027;Daviess;Daviess, IN
19051;Davis;Davis, IA
49011;Davis;Davis, UT
46035;Davison;Davison, SD
31045;Dawes;Dawes, NE
31047;Dawson;Dawson, NE
30021;Dawson;Dawson, MT
48115;Dawson;Dawson, TX
13085;Dawson;Dawson, GA
46037;Day;Day, SD
35011;De Baca;De Baca, NM
22031;De Soto;De Soto, LA
17039;De Witt;De Witt, IL
48117;Deaf Smith;Deaf Smith, TX
18029;Dearborn;Dearborn, IN
18031;Decatur;Decatur, IN
13087;Decatur;Decatur, GA
19053;Decatur;Decatur, IA
20039;Decatur;Decatur, KS
47039;Decatur;Decatur, TN
30023;Deer Lodge;Deer Lodge, MT
39039;Defiance;Defiance, OH
29063;DeKalb;DeKalb, MO
47041;DeKalb;DeKalb, TN
13089;DeKalb;DeKalb, GA
01049;DeKalb;DeKalb, AL
18033;DeKalb;DeKalb, IN
17037;DeKalb;DeKalb, IL
06015;Del Norte;Del Norte, CA
18035;Delaware;Delaware, IN
19055;Delaware;Delaware, IA
42045;Delaware;Delaware, PA
36025;Delaware;Delaware, NY
39041;Delaware;Delaware, OH
40041;Delaware;Delaware, OK
48119;Delta;Delta, TX
26041;Delta;Delta, MI
08029;Delta;Delta, CO
02068;Denali;Denali, AK
29065;Dent;Dent, MO
48121;Denton;Denton, TX
08031;Denver;Denver, CO
19057;Des Moines;Des Moines, IA
41017;Deschutes;Deschutes, OR
05041;Desha;Desha, AR
12027;DeSoto;DeSoto, FL
28033;DeSoto;DeSoto, MS
31049;Deuel;Deuel, NE
46039;Deuel;Deuel, SD
46041;Dewey;Dewey, SD
40043;Dewey;Dewey, OK
48123;DeWitt;DeWitt, TX
48125;Dickens;Dickens, TX
51051;Dickenson;Dickenson, VA
38021;Dickey;Dickey, ND
26043;Dickinson;Dickinson, MI
19059;Dickinson;Dickinson, IA
20041;Dickinson;Dickinson, KS
47043;Dickson;Dickson, TN
02070;Dillingham (CA);Dillingham (CA), AK
45033;Dillon;Dillon, SC
48127;Dimmit;Dimmit, TX
51053;Dinwiddie;Dinwiddie, VA
11001;District of Columbia;District of Columbia, DC
38023;Divide;Divide, ND
12029;Dixie;Dixie, FL
31051;Dixon;Dixon, NE
54017;Doddridge;Doddridge, WV
55027;Dodge;Dodge, WI
31053;Dodge;Dodge, NE
13091;Dodge;Dodge, GA
27039;Dodge;Dodge, MN
08033;Dolores;Dolores, CO
35013;Dona Ana;Dona Ana, NM
20043;Doniphan;Doniphan, KS
48129;Donley;Donley, TX
13093;Dooly;Dooly, GA
55029;Door;Door, WI
72051;Dorado;Dorado, PR
24019;Dorchester;Dorchester, MD
45035;Dorchester;Dorchester, SC
13095;Dougherty;Dougherty, GA
13097;Douglas;Douglas, GA
08035;Douglas;Douglas, CO
17041;Douglas;Douglas, IL
27041;Douglas;Douglas, MN
20045;Douglas;Douglas, KS
46043;Douglas;Douglas, SD
41019;Douglas;Douglas, OR
31055;Douglas;Douglas, NE
29067;Douglas;Douglas, MO
32005;Douglas;Douglas, NV
55031;Douglas;Douglas, WI
53017;Douglas;Douglas, WA
05043;Drew;Drew, AR
18037;Dubois;Dubois, IN
19061;Dubuque;Dubuque, IA
49013;Duchesne;Duchesne, UT
25007;Dukes;Dukes, MA
31057;Dundy;Dundy, NE
29069;Dunklin;Dunklin, MO
38025;Dunn;Dunn, ND
55033;Dunn;Dunn, WI
17043;DuPage;DuPage, IL
37061;Duplin;Duplin, NC
37063;Durham;Durham, NC
36027;Dutchess;Dutchess, NY
48131;Duval;Duval, TX
12031;Duval;Duval, FL
47045;Dyer;Dyer, TN
08037;Eagle;Eagle, CO
13099;Early;Early, GA
22033;East Baton Rouge;East Baton Rouge, LA
22035;East Carroll;East Carroll, LA
22037;East Feliciana;East Feliciana, LA
60010;Eastern;Eastern, AS
48133;Eastland;Eastland, TX
26045;Eaton;Eaton, MI
55035;Eau Claire;Eau Claire, WI
68080;Ebon;Ebon, MH
13101;Echols;Echols, GA
48135;Ector;Ector, TX
35015;Eddy;Eddy, NM
38027;Eddy;Eddy, ND
17045;Edgar;Edgar, IL
37065;Edgecombe;Edgecombe, NC
45037;Edgefield;Edgefield, SC
21061;Edmonson;Edmonson, KY
46045;Edmunds;Edmunds, SD
48137;Edwards;Edwards, TX
20047;Edwards;Edwards, KS
17047;Edwards;Edwards, IL
17049;Effingham;Effingham, IL
13103;Effingham;Effingham, GA
06017;El Dorado;El Dorado, CA
08041;El Paso;El Paso, CO
48141;El Paso;El Paso, TX
08039;Elbert;Elbert, CO
13105;Elbert;Elbert, GA
20049;Elk;Elk, KS
42047;Elk;Elk, PA
18039;Elkhart;Elkhart, IN
32007;Elko;Elko, NV
21063;Elliott;Elliott, KY
20051;Ellis;Ellis, KS
40045;Ellis;Ellis, OK
48139;Ellis;Ellis, TX
20053;Ellsworth;Ellsworth, KS
16039;Elmore;Elmore, ID
01051;Elmore;Elmore, AL
13107;Emanuel;Emanuel, GA
49015;Emery;Emery, UT
19063;Emmet;Emmet, IA
26047;Emmet;Emmet, MI
38029;Emmons;Emmons, ND
51595;Emporia (city);Emporia (city), VA
68090;Enewetak;Enewetak, MH
48143;Erath;Erath, TX
42049;Erie;Erie, PA
39043;Erie;Erie, OH
36029;Erie;Erie, NY
68100;Erikub;Erikub, MH
12033;Escambia;Escambia, FL
01053;Escambia;Escambia, AL
32009;Esmeralda;Esmeralda, NV
36031;Essex;Essex, NY
34013;Essex;Essex, NJ
51057;Essex;Essex, VA
25009;Essex;Essex, MA
50009;Essex;Essex, VT
21065;Estill;Estill, KY
01055;Etowah;Etowah, AL
32011;Eureka;Eureka, NV
22039;Evangeline;Evangeline, LA
13109;Evans;Evans, GA
02090;Fairbanks North Star;Fairbanks North Star, AK
51059;Fairfax;Fairfax, VA
51600;Fairfax (city);Fairfax (city), VA
45039;Fairfield;Fairfield, SC
39045;Fairfield;Fairfield, OH
09001;Fairfield;Fairfield, CT
72053;Fajardo;Fajardo, PR
46047;Fall River;Fall River, SD
30025;Fallon;Fallon, MT
48145;Falls;Falls, TX
51610;Falls Church (city);Falls Church (city), VA
48147;Fannin;Fannin, TX
13111;Fannin;Fannin, GA
27043;Faribault;Faribault, MN
46049;Faulk;Faulk, SD
05045;Faulkner;Faulkner, AR
51061;Fauquier;Fauquier, VA
48149;Fayette;Fayette, TX
47047;Fayette;Fayette, TN
42051;Fayette;Fayette, PA
39047;Fayette;Fayette, OH
01057;Fayette;Fayette, AL
13113;Fayette;Fayette, GA
17051;Fayette;Fayette, IL
18041;Fayette;Fayette, IN
21067;Fayette;Fayette, KY
19065;Fayette;Fayette, IA
54019;Fayette;Fayette, WV
47049;Fentress;Fentress, TN
30027;Fergus;Fergus, MT
53019;Ferry;Ferry, WA
31059;Fillmore;Fillmore, NE
27045;Fillmore;Fillmore, MN
20055;Finney;Finney, KS
48151;Fisher;Fisher, TX
12035;Flagler;Flagler, FL
30029;Flathead;Flathead, MT
21069;Fleming;Fleming, KY
45041;Florence;Florence, SC
55037;Florence;Florence, WI
72054;Florida;Florida, PR
48153;Floyd;Floyd, TX
51063;Floyd;Floyd, VA
21071;Floyd;Floyd, KY
19067;Floyd;Floyd, IA
13115;Floyd;Floyd, GA
18043;Floyd;Floyd, IN
51065;Fluvanna;Fluvanna, VA
48155;Foard;Foard, TX
55039;Fond du Lac;Fond du Lac, WI
17053;Ford;Ford, IL
20057;Ford;Ford, KS
42053;Forest;Forest, PA
55041;Forest;Forest, WI
28035;Forrest;Forrest, MS
13117;Forsyth;Forsyth, GA
37067;Forsyth;Forsyth, NC
48157;Fort Bend;Fort Bend, TX
38031;Foster;Foster, ND
18045;Fountain;Fountain, IN
18047;Franklin;Franklin, IN
17055;Franklin;Franklin, IL
16041;Franklin;Franklin, ID
13119;Franklin;Franklin, GA
12037;Franklin;Franklin, FL
01059;Franklin;Franklin, AL
05047;Franklin;Franklin, AR
28037;Franklin;Franklin, MS
23007;Franklin;Franklin, ME
25011;Franklin;Franklin, MA
20059;Franklin;Franklin, KS
19069;Franklin;Franklin, IA
21073;Franklin;Franklin, KY
37069;Franklin;Franklin, NC
39049;Franklin;Franklin, OH
31061;Franklin;Franklin, NE
29071;Franklin;Franklin, MO
36033;Franklin;Franklin, NY
48159;Franklin;Franklin, TX
51067;Franklin;Franklin, VA
42055;Franklin;Franklin, PA
47051;Franklin;Franklin, TN
50011;Franklin;Franklin, VT
53021;Franklin;Franklin, WA
51620;Franklin (city);Franklin (city), VA
51069;Frederick;Frederick, VA
24021;Frederick;Frederick, MD
51630;Fredericksburg (city);Fredericksburg (city), VA
27047;Freeborn;Freeborn, MN
48161;Freestone;Freestone, TX
19071;Fremont;Fremont, IA
08043;Fremont;Fremont, CO
16043;Fremont;Fremont, ID
56013;Fremont;Fremont, WY
06019;Fresno;Fresno, CA
48163;Frio;Frio, TX
31063;Frontier;Frontier, NE
36035;Fulton;Fulton, NY
39051;Fulton;Fulton, OH
42057;Fulton;Fulton, PA
05049;Fulton;Fulton, AR
13121;Fulton;Fulton, GA
17057;Fulton;Fulton, IL
18049;Fulton;Fulton, IN
21075;Fulton;Fulton, KY
31065;Furnas;Furnas, NE
12039;Gadsden;Gadsden, FL
31067;Gage;Gage, NE
48165;Gaines;Gaines, TX
51640;Galax (city);Galax (city), VA
30031;Gallatin;Gallatin, MT
17059;Gallatin;Gallatin, IL
21077;Gallatin;Gallatin, KY
39053;Gallia;Gallia, OH
48167;Galveston;Galveston, TX
31069;Garden;Garden, NE
31071;Garfield;Garfield, NE
30033;Garfield;Garfield, MT
40047;Garfield;Garfield, OK
49017;Garfield;Garfield, UT
08045;Garfield;Garfield, CO
53023;Garfield;Garfield, WA
05051;Garland;Garland, AR
21079;Garrard;Garrard, KY
24023;Garrett;Garrett, MD
40049;Garvin;Garvin, OK
48169;Garza;Garza, TX
29073;Gasconade;Gasconade, MO
37071;Gaston;Gaston, NC
37073;Gates;Gates, NC
20061;Geary;Geary, KS
39055;Geauga;Geauga, OH
16045;Gem;Gem, ID
26049;Genesee;Genesee, MI
36037;Genesee;Genesee, NY
01061;Geneva;Geneva, AL
29075;Gentry;Gentry, MO
28039;George;George, MS
45043;Georgetown;Georgetown, SC
47053;Gibson;Gibson, TN
18051;Gibson;Gibson, IN
04007;Gila;Gila, AZ
12041;Gilchrist;Gilchrist, FL
47055;Giles;Giles, TN
51071;Giles;Giles, VA
48171;Gillespie;Gillespie, TX
41021;Gilliam;Gilliam, OR
13123;Gilmer;Gilmer, GA
54021;Gilmer;Gilmer, WV
08047;Gilpin;Gilpin, CO
30035;Glacier;Glacier, MT
12043;Glades;Glades, FL
26051;Gladwin;Gladwin, MI
13125;Glascock;Glascock, GA
48173;Glasscock;Glasscock, TX
06021;Glenn;Glenn, CA
51073;Gloucester;Gloucester, VA
34015;Gloucester;Gloucester, NJ
13127;Glynn;Glynn, GA
26053;Gogebic;Gogebic, MI
30037;Golden Valley;Golden Valley, MT
38033;Golden Valley;Golden Valley, ND
48175;Goliad;Goliad, TX
48177;Gonzales;Gonzales, TX
51075;Goochland;Goochland, VA
27049;Goodhue;Goodhue, MN
16047;Gooding;Gooding, ID
13129;Gordon;Gordon, GA
56015;Goshen;Goshen, WY
31073;Gosper;Gosper, NE
20063;Gove;Gove, KS
13131;Grady;Grady, GA
40051;Grady;Grady, OK
33009;Grafton;Grafton, NH
37075;Graham;Graham, NC
04009;Graham;Graham, AZ
20065;Graham;Graham, KS
47057;Grainger;Grainger, TN
49019;Grand;Grand, UT
08049;Grand;Grand, CO
38035;Grand Forks;Grand Forks, ND
50013;Grand Isle;Grand Isle, VT
26055;Grand Traverse;Grand Traverse, MI
30039;Granite;Granite, MT
31075;Grant;Grant, NE
38037;Grant;Grant, ND
35017;Grant;Grant, NM
40053;Grant;Grant, OK
41023;Grant;Grant, OR
46051;Grant;Grant, SD
22043;Grant;Grant, LA
27051;Grant;Grant, MN
20067;Grant;Grant, KS
21081;Grant;Grant, KY
05053;Grant;Grant, AR
18053;Grant;Grant, IN
54023;Grant;Grant, WV
55043;Grant;Grant, WI
53025;Grant;Grant, WA
37077;Granville;Granville, NC
26057;Gratiot;Gratiot, MI
21083;Graves;Graves, KY
20069;Gray;Gray, KS
48179;Gray;Gray, TX
53027;Grays Harbor;Grays Harbor, WA
48181;Grayson;Grayson, TX
51077;Grayson;Grayson, VA
21085;Grayson;Grayson, KY
20071;Greeley;Greeley, KS
31077;Greeley;Greeley, NE
21087;Green;Green, KY
55045;Green;Green, WI
55047;Green Lake;Green Lake, WI
54025;Greenbrier;Greenbrier, WV
19073;Greene;Greene, IA
28041;Greene;Greene, MS
18055;Greene;Greene, IN
17061;Greene;Greene, IL
05055;Greene;Greene, AR
01063;Greene;Greene, AL
13133;Greene;Greene, GA
29077;Greene;Greene, MO
36039;Greene;Greene, NY
37079;Greene;Greene, NC
39057;Greene;Greene, OH
51079;Greene;Greene, VA
47059;Greene;Greene, TN
42059;Greene;Greene, PA
04011;Greenlee;Greenlee, AZ
51081;Greensville;Greensville, VA
21089;Greenup;Greenup, KY
45045;Greenville;Greenville, SC
45047;Greenwood;Greenwood, SC
20073;Greenwood;Greenwood, KS
40055;Greer;Greer, OK
48183;Gregg;Gregg, TX
46053;Gregory;Gregory, SD
28043;Grenada;Grenada, MS
38039;Griggs;Griggs, ND
48185;Grimes;Grimes, TX
47061;Grundy;Grundy, TN
29079;Grundy;Grundy, MO
19075;Grundy;Grundy, IA
17063;Grundy;Grundy, IL
35019;Guadalupe;Guadalupe, NM
48187;Guadalupe;Guadalupe, TX
66010;Guam;Guam, GU
72055;Guanica;Guanica, PR
72057;Guayama;Guayama, PR
72059;Guayanilla;Guayanilla, PR
72061;Guaynabo;Guaynabo, PR
39059;Guernsey;Guernsey, OH
37081;Guilford;Guilford, NC
12045;Gulf;Gulf, FL
08051;Gunnison;Gunnison, CO
72063;Gurabo;Gurabo, PR
19077;Guthrie;Guthrie, IA
13135;Gwinnett;Gwinnett, GA
46055;Haakon;Haakon, SD
13137;Habersham;Habersham, GA
02100;Haines;Haines, AK
01065;Hale;Hale, AL
48189;Hale;Hale, TX
51083;Halifax;Halifax, VA
37083;Halifax;Halifax, NC
31079;Hall;Hall, NE
48191;Hall;Hall, TX
13139;Hall;Hall, GA
47063;Hamblen;Hamblen, TN
47065;Hamilton;Hamilton, TN
48193;Hamilton;Hamilton, TX
31081;Hamilton;Hamilton, NE
36041;Hamilton;Hamilton, NY
39061;Hamilton;Hamilton, OH
12047;Hamilton;Hamilton, FL
17065;Hamilton;Hamilton, IL
18057;Hamilton;Hamilton, IN
19079;Hamilton;Hamilton, IA
20075;Hamilton;Hamilton, KS
46057;Hamlin;Hamlin, SD
25013;Hampden;Hampden, MA
25015;Hampshire;Hampshire, MA
54027;Hampshire;Hampshire, WV
45049;Hampton;Hampton, SC
51650;Hampton (city);Hampton (city), VA
54029;Hancock;Hancock, WV
47067;Hancock;Hancock, TN
39063;Hancock;Hancock, OH
23009;Hancock;Hancock, ME
28045;Hancock;Hancock, MS
19081;Hancock;Hancock, IA
21091;Hancock;Hancock, KY
18059;Hancock;Hancock, IN
17067;Hancock;Hancock, IL
13141;Hancock;Hancock, GA
46059;Hand;Hand, SD
51085;Hanover;Hanover, VA
48195;Hansford;Hansford, TX
46061;Hanson;Hanson, SD
13143;Haralson;Haralson, GA
12049;Hardee;Hardee, FL
47069;Hardeman;Hardeman, TN
48197;Hardeman;Hardeman, TX
48199;Hardin;Hardin, TX
47071;Hardin;Hardin, TN
39065;Hardin;Hardin, OH
17069;Hardin;Hardin, IL
21093;Hardin;Hardin, KY
19083;Hardin;Hardin, IA
35021;Harding;Harding, NM
46063;Harding;Harding, SD
54031;Hardy;Hardy, WV
24025;Harford;Harford, MD
21095;Harlan;Harlan, KY
31083;Harlan;Harlan, NE
40057;Harmon;Harmon, OK
37085;Harnett;Harnett, NC
41025;Harney;Harney, OR
40059;Harper;Harper, OK
20077;Harper;Harper, KS
13145;Harris;Harris, GA
48201;Harris;Harris, TX
48203;Harrison;Harrison, TX
39067;Harrison;Harrison, OH
29081;Harrison;Harrison, MO
18061;Harrison;Harrison, IN
19085;Harrison;Harrison, IA
21097;Harrison;Harrison, KY
28047;Harrison;Harrison, MS
54033;Harrison;Harrison, WV
51660;Harrisonburg (city);Harrisonburg (city), VA
21099;Hart;Hart, KY
13147;Hart;Hart, GA
09003;Hartford;Hartford, CT
48205;Hartley;Hartley, TX
20079;Harvey;Harvey, KS
20081;Haskell;Haskell, KS
48207;Haskell;Haskell, TX
40061;Haskell;Haskell, OK
72065;Hatillo;Hatillo, PR
70050;Hatobohei;Hatobohei, PW
15001;Hawaii;Hawaii, HI
47073;Hawkins;Hawkins, TN
31085;Hayes;Hayes, NE
48209;Hays;Hays, TX
47075;Haywood;Haywood, TN
37087;Haywood;Haywood, NC
13149;Heard;Heard, GA
48211;Hemphill;Hemphill, TX
05057;Hempstead;Hempstead, AR
17071;Henderson;Henderson, IL
21101;Henderson;Henderson, KY
48213;Henderson;Henderson, TX
47077;Henderson;Henderson, TN
37089;Henderson;Henderson, NC
18063;Hendricks;Hendricks, IN
12051;Hendry;Hendry, FL
27053;Hennepin;Hennepin, MN
51087;Henrico;Henrico, VA
51089;Henry;Henry, VA
47079;Henry;Henry, TN
39069;Henry;Henry, OH
29083;Henry;Henry, MO
21103;Henry;Henry, KY
19087;Henry;Henry, IA
13151;Henry;Henry, GA
01067;Henry;Henry, AL
18065;Henry;Henry, IN
17073;Henry;Henry, IL
36043;Herkimer;Herkimer, NY
12053;Hernando;Hernando, FL
37091;Hertford;Hertford, NC
38041;Hettinger;Hettinger, ND
47081;Hickman;Hickman, TN
21105;Hickman;Hickman, KY
29085;Hickory;Hickory, MO
35023;Hidalgo;Hidalgo, NM
48215;Hidalgo;Hidalgo, TX
51091;Highland;Highland, VA
39071;Highland;Highland, OH
12055;Highlands;Highlands, FL
30041;Hill;Hill, MT
48217;Hill;Hill, TX
33011;Hillsborough;Hillsborough, NH
12057;Hillsborough;Hillsborough, FL
26059;Hillsdale;Hillsdale, MI
28049;Hinds;Hinds, MS
08053;Hinsdale;Hinsdale, CO
31087;Hitchcock;Hitchcock, NE
39073;Hocking;Hocking, OH
48219;Hockley;Hockley, TX
20083;Hodgeman;Hodgeman, KS
37093;Hoke;Hoke, NC
39075;Holmes;Holmes, OH
28051;Holmes;Holmes, MS
12059;Holmes;Holmes, FL
31089;Holt;Holt, NE
29087;Holt;Holt, MO
15003;Honolulu;Honolulu, HI
48221;Hood;Hood, TX
41027;Hood River;Hood River, OR
31091;Hooker;Hooker, NE
02105;Hoonah-Angoon (CA);Hoonah-Angoon (CA), AK
51670;Hopewell (city);Hopewell (city), VA
21107;Hopkins;Hopkins, KY
48223;Hopkins;Hopkins, TX
72067;Hormigueros;Hormigueros, PR
45051;Horry;Horry, SC
05059;Hot Spring;Hot Spring, AR
56017;Hot Springs;Hot Springs, WY
26061;Houghton;Houghton, MI
27055;Houston;Houston, MN
01069;Houston;Houston, AL
13153;Houston;Houston, GA
47083;Houston;Houston, TN
48225;Houston;Houston, TX
48227;Howard;Howard, TX
31093;Howard;Howard, NE
29089;Howard;Howard, MO
05061;Howard;Howard, AR
18067;Howard;Howard, IN
24027;Howard;Howard, MD
19089;Howard;Howard, IA
29091;Howell;Howell, MO
74100;Howland Island;Howland Island, UM
27057;Hubbard;Hubbard, MN
34017;Hudson;Hudson, NJ
48229;Hudspeth;Hudspeth, TX
08055;Huerfano;Huerfano, CO
46065;Hughes;Hughes, SD
40063;Hughes;Hughes, OK
72069;Humacao;Humacao, PR
32013;Humboldt;Humboldt, NV
06023;Humboldt;Humboldt, CA
19091;Humboldt;Humboldt, IA
28053;Humphreys;Humphreys, MS
47085;Humphreys;Humphreys, TN
48231;Hunt;Hunt, TX
34019;Hunterdon;Hunterdon, NJ
42061;Huntingdon;Huntingdon, PA
18069;Huntington;Huntington, IN
26063;Huron;Huron, MI
39077;Huron;Huron, OH
46067;Hutchinson;Hutchinson, SD
48233;Hutchinson;Hutchinson, TX
46069;Hyde;Hyde, SD
37095;Hyde;Hyde, NC
22045;Iberia;Iberia, LA
22047;Iberville;Iberville, LA
19093;Ida;Ida, IA
16049;Idaho;Idaho, ID
06025;Imperial;Imperial, CA
05063;Independence;Independence, AR
12061;Indian River;Indian River, FL
42063;Indiana;Indiana, PA
26065;Ingham;Ingham, MI
06027;Inyo;Inyo, CA
26067;Ionia;Ionia, MI
26069;Iosco;Iosco, MI
19095;Iowa;Iowa, IA
55049;Iowa;Iowa, WI
37097;Iredell;Iredell, NC
48235;Irion;Irion, TX
49021;Iron;Iron, UT
29093;Iron;Iron, MO
26071;Iron;Iron, MI
55051;Iron;Iron, WI
17075;Iroquois;Iroquois, IL
13155;Irwin;Irwin, GA
72071;Isabela;Isabela, PR
26073;Isabella;Isabella, MI
27059;Isanti;Isanti, MN
53029;Island;Island, WA
51093;Isle of Wight;Isle of Wight, VA
28055;Issaquena;Issaquena, MS
27061;Itasca;Itasca, MN
28057;Itawamba;Itawamba, MS
05065;Izard;Izard, AR
68110;Jabat;Jabat, MH
48237;Jack;Jack, TX
48239;Jackson;Jackson, TX
46071;Jackson;Jackson, SD
47087;Jackson;Jackson, TN
29095;Jackson;Jackson, MO
37099;Jackson;Jackson, NC
39079;Jackson;Jackson, OH
40065;Jackson;Jackson, OK
41029;Jackson;Jackson, OR
05067;Jackson;Jackson, AR
01071;Jackson;Jackson, AL
13157;Jackson;Jackson, GA
12063;Jackson;Jackson, FL
08057;Jackson;Jackson, CO
17077;Jackson;Jackson, IL
18071;Jackson;Jackson, IN
28059;Jackson;Jackson, MS
27063;Jackson;Jackson, MN
26075;Jackson;Jackson, MI
22049;Jackson;Jackson, LA
19097;Jackson;Jackson, IA
20085;Jackson;Jackson, KS
21109;Jackson;Jackson, KY
55053;Jackson;Jackson, WI
54035;Jackson;Jackson, WV
68120;Jaluit;Jaluit, MH
51095;James City;James City, VA
74150;Jarvis Island;Jarvis Island, UM
48241;Jasper;Jasper, TX
45053;Jasper;Jasper, SC
29097;Jasper;Jasper, MO
19099;Jasper;Jasper, IA
28061;Jasper;Jasper, MS
18073;Jasper;Jasper, IN
17079;Jasper;Jasper, IL
13159;Jasper;Jasper, GA
18075;Jay;Jay, IN
72073;Jayuya;Jayuya, PR
13161;Jeff Davis;Jeff Davis, GA
48243;Jeff Davis;Jeff Davis, TX
48245;Jefferson;Jefferson, TX
42065;Jefferson;Jefferson, PA
47089;Jefferson;Jefferson, TN
29099;Jefferson;Jefferson, MO
31095;Jefferson;Jefferson, NE
30043;Jefferson;Jefferson, MT
36045;Jefferson;Jefferson, NY
41031;Jefferson;Jefferson, OR
40067;Jefferson;Jefferson, OK
39081;Jefferson;Jefferson, OH
13163;Jefferson;Jefferson, GA
08059;Jefferson;Jefferson, CO
12065;Jefferson;Jefferson, FL
01073;Jefferson;Jefferson, AL
05069;Jefferson;Jefferson, AR
18077;Jefferson;Jefferson, IN
17081;Jefferson;Jefferson, IL
16051;Jefferson;Jefferson, ID
28063;Jefferson;Jefferson, MS
22051;Jefferson;Jefferson, LA
19101;Jefferson;Jefferson, IA
20087;Jefferson;Jefferson, KS
21111;Jefferson;Jefferson, KY
54037;Jefferson;Jefferson, WV
55055;Jefferson;Jefferson, WI
53031;Jefferson;Jefferson, WA
22053;Jefferson Davis;Jefferson Davis, LA
28065;Jefferson Davis;Jefferson Davis, MS
68130;Jemo;Jemo, MH
13165;Jenkins;Jenkins, GA
18079;Jennings;Jennings, IN
46073;Jerauld;Jerauld, SD
16053;Jerome;Jerome, ID
17083;Jersey;Jersey, IL
21113;Jessamine;Jessamine, KY
20089;Jewell;Jewell, KS
48247;Jim Hogg;Jim Hogg, TX
48249;Jim Wells;Jim Wells, TX
17085;Jo Daviess;Jo Daviess, IL
17087;Johnson;Johnson, IL
18081;Johnson;Johnson, IN
13167;Johnson;Johnson, GA
05071;Johnson;Johnson, AR
20091;Johnson;Johnson, KS
19103;Johnson;Johnson, IA
21115;Johnson;Johnson, KY
31097;Johnson;Johnson, NE
29101;Johnson;Johnson, MO
56019;Johnson;Johnson, WY
40069;Johnston;Johnston, OK
37101;Johnston;Johnston, NC
74200;Johnston Atoll;Johnston Atoll, UM
37103;Jones;Jones, NC
48253;Jones;Jones, TX
46075;Jones;Jones, SD
19105;Jones;Jones, IA
28067;Jones;Jones, MS
13169;Jones;Jones, GA
41033;Josephine;Josephine, OR
49023;Juab;Juab, UT
72075;Juana Diaz;Juana Diaz, PR
30045;Judith Basin;Judith Basin, MT
72077;Juncos;Juncos, PR
55057;Juneau;Juneau, WI
02110;Juneau;Juneau, AK
42067;Juniata;Juniata, PA
26077;Kalamazoo;Kalamazoo, MI
15005;Kalawao;Kalawao, HI
26079;Kalkaska;Kalkaska, MI
27065;Kanabec;Kanabec, MN
54039;Kanawha;Kanawha, WV
27067;Kandiyohi;Kandiyohi, MN
17089;Kane;Kane, IL
49025;Kane;Kane, UT
17091;Kankakee;Kankakee, IL
48255;Karnes;Karnes, TX
15007;Kauai;Kauai, HI
48257;Kaufman;Kaufman, TX
40071;Kay;Kay, OK
70100;Kayangel;Kayangel, PW
31099;Kearney;Kearney, NE
20093;Kearny;Kearny, KS
31101;Keith;Keith, NE
28069;Kemper;Kemper, MS
02122;Kenai Peninsula;Kenai Peninsula, AK
17093;Kendall;Kendall, IL
48259;Kendall;Kendall, TX
48261;Kenedy;Kenedy, TX
23011;Kennebec;Kennebec, ME
55059;Kenosha;Kenosha, WI
44003;Kent;Kent, RI
24029;Kent;Kent, MD
26081;Kent;Kent, MI
10001;Kent;Kent, DE
48263;Kent;Kent, TX
21117;Kenton;Kenton, KY
19107;Keokuk;Keokuk, IA
06029;Kern;Kern, CA
48265;Kerr;Kerr, TX
45055;Kershaw;Kershaw, SC
02130;Ketchikan Gateway;Ketchikan Gateway, AK
55061;Kewaunee;Kewaunee, WI
26083;Keweenaw;Keweenaw, MI
31103;Keya Paha;Keya Paha, NE
38043;Kidder;Kidder, ND
68140;Kili;Kili, MH
31105;Kimball;Kimball, NE
48267;Kimble;Kimble, TX
48269;King;King, TX
53033;King;King, WA
51097;King and Queen;King and Queen, VA
51099;King George;King George, VA
51101;King William;King William, VA
40073;Kingfisher;Kingfisher, OK
20095;Kingman;Kingman, KS
74250;Kingman Reef;Kingman Reef, UM
06031;Kings;Kings, CA
36047;Kings;Kings, NY
46077;Kingsbury;Kingsbury, SD
48271;Kinney;Kinney, TX
40075;Kiowa;Kiowa, OK
08061;Kiowa;Kiowa, CO
20097;Kiowa;Kiowa, KS
08063;Kit Carson;Kit Carson, CO
53035;Kitsap;Kitsap, WA
53037;Kittitas;Kittitas, WA
27069;Kittson;Kittson, MN
41035;Klamath;Klamath, OR
48273;Kleberg;Kleberg, TX
53039;Klickitat;Klickitat, WA
21119;Knott;Knott, KY
21121;Knox;Knox, KY
23013;Knox;Knox, ME
18083;Knox;Knox, IN
17095;Knox;Knox, IL
48275;Knox;Knox, TX
47093;Knox;Knox, TN
39083;Knox;Knox, OH
31107;Knox;Knox, NE
29103;Knox;Knox, MO
02150;Kodiak Island;Kodiak Island, AK
27071;Koochiching;Koochiching, MN
16055;Kootenai;Kootenai, ID
70150;Koror;Koror, PW
18085;Kosciusko;Kosciusko, IN
64005;Kosrae;Kosrae, FM
19109;Kossuth;Kossuth, IA
68150;Kwajalein;Kwajalein, MH
55063;La Crosse;La Crosse, WI
04012;La Paz;La Paz, AZ
08067;La Plata;La Plata, CO
17099;La Salle;La Salle, IL
22059;La Salle;La Salle, LA
48283;La Salle;La Salle, TX
20099;Labette;Labette, KS
27073;Lac qui Parle;Lac qui Parle, MN
42069;Lackawanna;Lackawanna, PA
29105;Laclede;Laclede, MO
68160;Lae;Lae, MH
55065;Lafayette;Lafayette, WI
29107;Lafayette;Lafayette, MO
28071;Lafayette;Lafayette, MS
22055;Lafayette;Lafayette, LA
05073;Lafayette;Lafayette, AR
12067;Lafayette;Lafayette, FL
22057;Lafourche;Lafourche, LA
18087;LaGrange;LaGrange, IN
72079;Lajas;Lajas, PR
18089;Lake;Lake, IN
17097;Lake;Lake, IL
12069;Lake;Lake, FL
08065;Lake;Lake, CO
06033;Lake;Lake, CA
26085;Lake;Lake, MI
27075;Lake;Lake, MN
30047;Lake;Lake, MT
39085;Lake;Lake, OH
41037;Lake;Lake, OR
47095;Lake;Lake, TN
46079;Lake;Lake, SD
02164;Lake and Peninsula;Lake and Peninsula, AK
27077;Lake of the Woods;Lake of the Woods, MN
28073;Lamar;Lamar, MS
01075;Lamar;Lamar, AL
13171;Lamar;Lamar, GA
48277;Lamar;Lamar, TX
48279;Lamb;Lamb, TX
50015;Lamoille;Lamoille, VT
38045;LaMoure;LaMoure, ND
48281;Lampasas;Lampasas, TX
51103;Lancaster;Lancaster, VA
42071;Lancaster;Lancaster, PA
45057;Lancaster;Lancaster, SC
31109;Lancaster;Lancaster, NE
32015;Lander;Lander, NV
41039;Lane;Lane, OR
20101;Lane;Lane, KS
55067;Langlade;Langlade, WI
13173;Lanier;Lanier, GA
26087;Lapeer;Lapeer, MI
18091;LaPorte;LaPorte, IN
56021;Laramie;Laramie, WY
72081;Lares;Lares, PR
08069;Larimer;Larimer, CO
21123;Larue;Larue, KY
08071;Las Animas;Las Animas, CO
72083;Las Marias;Las Marias, PR
72085;Las Piedras;Las Piedras, PR
06035;Lassen;Lassen, CA
16057;Latah;Latah, ID
40077;Latimer;Latimer, OK
47097;Lauderdale;Lauderdale, TN
01077;Lauderdale;Lauderdale, AL
28075;Lauderdale;Lauderdale, MS
21125;Laurel;Laurel, KY
13175;Laurens;Laurens, GA
45059;Laurens;Laurens, SC
48285;Lavaca;Lavaca, TX
42073;Lawrence;Lawrence, PA
47099;Lawrence;Lawrence, TN
46081;Lawrence;Lawrence, SD
39087;Lawrence;Lawrence, OH
29109;Lawrence;Lawrence, MO
01079;Lawrence;Lawrence, AL
05075;Lawrence;Lawrence, AR
18093;Lawrence;Lawrence, IN
17101;Lawrence;Lawrence, IL
21127;Lawrence;Lawrence, KY
28077;Lawrence;Lawrence, MS
40079;Le Flore;Le Flore, OK
27079;Le Sueur;Le Sueur, MN
35025;Lea;Lea, NM
28079;Leake;Leake, MS
20103;Leavenworth;Leavenworth, KS
42075;Lebanon;Lebanon, PA
45061;Lee;Lee, SC
51105;Lee;Lee, VA
37105;Lee;Lee, NC
19111;Lee;Lee, IA
21129;Lee;Lee, KY
28081;Lee;Lee, MS
17103;Lee;Lee, IL
05077;Lee;Lee, AR
01081;Lee;Lee, AL
13177;Lee;Lee, GA
12071;Lee;Lee, FL
48287;Lee;Lee, TX
26089;Leelanau;Leelanau, MI
28083;Leflore;Leflore, MS
42077;Lehigh;Lehigh, PA
16059;Lemhi;Lemhi, ID
26091;Lenawee;Lenawee, MI
37107;Lenoir;Lenoir, NC
12073;Leon;Leon, FL
48289;Leon;Leon, TX
21131;Leslie;Leslie, KY
21133;Letcher;Letcher, KY
12075;Levy;Levy, FL
16061;Lewis;Lewis, ID
21135;Lewis;Lewis, KY
29111;Lewis;Lewis, MO
36049;Lewis;Lewis, NY
47101;Lewis;Lewis, TN
54041;Lewis;Lewis, WV
53041;Lewis;Lewis, WA
30049;Lewis and Clark;Lewis and Clark, MT
45063;Lexington;Lexington, SC
51678;Lexington (city);Lexington (city), VA
68170;Lib;Lib, MH
48291;Liberty;Liberty, TX
30051;Liberty;Liberty, MT
12077;Liberty;Liberty, FL
13179;Liberty;Liberty, GA
39089;Licking;Licking, OH
68180;Likiep;Likiep, MH
48293;Limestone;Limestone, TX
01083;Limestone;Limestone, AL
05079;Lincoln;Lincoln, AR
13181;Lincoln;Lincoln, GA
16063;Lincoln;Lincoln, ID
20105;Lincoln;Lincoln, KS
23015;Lincoln;Lincoln, ME
27081;Lincoln;Lincoln, MN
40081;Lincoln;Lincoln, OK
41041;Lincoln;Lincoln, OR
37109;Lincoln;Lincoln, NC
31111;Lincoln;Lincoln, NE
29113;Lincoln;Lincoln, MO
32017;Lincoln;Lincoln, NV
47103;Lincoln;Lincoln, TN
46083;Lincoln;Lincoln, SD
54043;Lincoln;Lincoln, WV
55069;Lincoln;Lincoln, WI
53043;Lincoln;Lincoln, WA
56023;Lincoln;Lincoln, WY
29115;Linn;Linn, MO
41043;Linn;Linn, OR
20107;Linn;Linn, KS
19113;Linn;Linn, IA
48295;Lipscomb;Lipscomb, TX
09005;Litchfield;Litchfield, CT
05081;Little River;Little River, AR
48297;Live Oak;Live Oak, TX
17105;Livingston;Livingston, IL
21139;Livingston;Livingston, KY
22063;Livingston;Livingston, LA
26093;Livingston;Livingston, MI
29117;Livingston;Livingston, MO
36051;Livingston;Livingston, NY
48299;Llano;Llano, TX
54045;Logan;Logan, WV
31113;Logan;Logan, NE
40083;Logan;Logan, OK
39091;Logan;Logan, OH
38047;Logan;Logan, ND
21141;Logan;Logan, KY
20109;Logan;Logan, KS
17107;Logan;Logan, IL
08075;Logan;Logan, CO
05083;Logan;Logan, AR
72087;Loiza;Loiza, PR
13183;Long;Long, GA
05085;Lonoke;Lonoke, AR
39093;Lorain;Lorain, OH
35028;Los Alamos;Los Alamos, NM
06037;Los Angeles;Los Angeles, CA
47105;Loudon;Loudon, TN
51107;Loudoun;Loudoun, VA
51109;Louisa;Louisa, VA
19115;Louisa;Louisa, IA
31115;Loup;Loup, NE
40085;Love;Love, OK
48301;Loving;Loving, TX
28087;Lowndes;Lowndes, MS
01085;Lowndes;Lowndes, AL
13185;Lowndes;Lowndes, GA
48303;Lubbock;Lubbock, TX
19117;Lucas;Lucas, IA
39095;Lucas;Lucas, OH
26095;Luce;Luce, MI
13187;Lumpkin;Lumpkin, GA
35029;Luna;Luna, NM
51111;Lunenburg;Lunenburg, VA
72089;Luquillo;Luquillo, PR
42079;Luzerne;Luzerne, PA
42081;Lycoming;Lycoming, PA
46085;Lyman;Lyman, SD
51680;Lynchburg (city);Lynchburg (city), VA
48305;Lynn;Lynn, TX
32019;Lyon;Lyon, NV
27083;Lyon;Lyon, MN
19119;Lyon;Lyon, IA
20111;Lyon;Lyon, KS
21143;Lyon;Lyon, KY
26097;Mackinac;Mackinac, MI
26099;Macomb;Macomb, MI
01087;Macon;Macon, AL
13193;Macon;Macon, GA
17115;Macon;Macon, IL
29121;Macon;Macon, MO
37113;Macon;Macon, NC
47111;Macon;Macon, TN
17117;Macoupin;Macoupin, IL
06039;Madera;Madera, CA
05087;Madison;Madison, AR
01089;Madison;Madison, AL
12079;Madison;Madison, FL
17119;Madison;Madison, IL
18095;Madison;Madison, IN
13195;Madison;Madison, GA
16065;Madison;Madison, ID
28089;Madison;Madison, MS
22065;Madison;Madison, LA
21151;Madison;Madison, KY
19121;Madison;Madison, IA
47113;Madison;Madison, TN
51113;Madison;Madison, VA
48313;Madison;Madison, TX
37115;Madison;Madison, NC
39097;Madison;Madison, OH
29123;Madison;Madison, MO
30057;Madison;Madison, MT
31119;Madison;Madison, NE
36053;Madison;Madison, NY
21153;Magoffin;Magoffin, KY
19123;Mahaska;Mahaska, IA
27087;Mahnomen;Mahnomen, MN
39099;Mahoning;Mahoning, OH
40093;Major;Major, OK
68190;Majuro;Majuro, MH
41045;Malheur;Malheur, OR
68300;Maloelap;Maloelap, MH
51683;Manassas (city);Manassas (city), VA
51685;Manassas Park (city);Manassas Park (city), VA
12081;Manatee;Manatee, FL
72091;Manati;Manati, PR
26101;Manistee;Manistee, MI
55071;Manitowoc;Manitowoc, WI
60020;Manu a;Manu a, AS
55073;Marathon;Marathon, WI
01091;Marengo;Marengo, AL
72093;Maricao;Maricao, PR
04013;Maricopa;Maricopa, AZ
29125;Maries;Maries, MO
06041;Marin;Marin, CA
55075;Marinette;Marinette, WI
54049;Marion;Marion, WV
05089;Marion;Marion, AR
01093;Marion;Marion, AL
12083;Marion;Marion, FL
13197;Marion;Marion, GA
18097;Marion;Marion, IN
17121;Marion;Marion, IL
28091;Marion;Marion, MS
19125;Marion;Marion, IA
20115;Marion;Marion, KS
21155;Marion;Marion, KY
29127;Marion;Marion, MO
41047;Marion;Marion, OR
39101;Marion;Marion, OH
45067;Marion;Marion, SC
48315;Marion;Marion, TX
47115;Marion;Marion, TN
06043;Mariposa;Mariposa, CA
45069;Marlboro;Marlboro, SC
26103;Marquette;Marquette, MI
55077;Marquette;Marquette, WI
54051;Marshall;Marshall, WV
28093;Marshall;Marshall, MS
27089;Marshall;Marshall, MN
21157;Marshall;Marshall, KY
20117;Marshall;Marshall, KS
19127;Marshall;Marshall, IA
01095;Marshall;Marshall, AL
17123;Marshall;Marshall, IL
18099;Marshall;Marshall, IN
40095;Marshall;Marshall, OK
47117;Marshall;Marshall, TN
46091;Marshall;Marshall, SD
48317;Martin;Martin, TX
37117;Martin;Martin, NC
18101;Martin;Martin, IN
12085;Martin;Martin, FL
21159;Martin;Martin, KY
27091;Martin;Martin, MN
51690;Martinsville (city);Martinsville (city), VA
53045;Mason;Mason, WA
54053;Mason;Mason, WV
26105;Mason;Mason, MI
21161;Mason;Mason, KY
17125;Mason;Mason, IL
48319;Mason;Mason, TX
17127;Massac;Massac, IL
48321;Matagorda;Matagorda, TX
02170;Matanuska-Susitna;Matanuska-Susitna, AK
51115;Mathews;Mathews, VA
15009;Maui;Maui, HI
72095;Maunabo;Maunabo, PR
47119;Maury;Maury, TN
48323;Maverick;Maverick, TX
72097;Mayaguez;Mayaguez, PR
40097;Mayes;Mayes, OK
40087;McClain;McClain, OK
30055;McCone;McCone, MT
46087;McCook;McCook, SD
45065;McCormick;McCormick, SC
21145;McCracken;McCracken, KY
21147;McCreary;McCreary, KY
48307;McCulloch;McCulloch, TX
40089;McCurtain;McCurtain, OK
29119;McDonald;McDonald, MO
17109;McDonough;McDonough, IL
37111;McDowell;McDowell, NC
54047;McDowell;McDowell, WV
13189;McDuffie;McDuffie, GA
17111;McHenry;McHenry, IL
38049;McHenry;McHenry, ND
38051;McIntosh;McIntosh, ND
40091;McIntosh;McIntosh, OK
13191;McIntosh;McIntosh, GA
42083;McKean;McKean, PA
38053;McKenzie;McKenzie, ND
35031;McKinley;McKinley, NM
38055;McLean;McLean, ND
17113;McLean;McLean, IL
21149;McLean;McLean, KY
48309;McLennan;McLennan, TX
27085;McLeod;McLeod, MN
47107;McMinn;McMinn, TN
48311;McMullen;McMullen, TX
47109;McNairy;McNairy, TN
46089;McPherson;McPherson, SD
31117;McPherson;McPherson, NE
20113;McPherson;McPherson, KS
20119;Meade;Meade, KS
21163;Meade;Meade, KY
46093;Meade;Meade, SD
30059;Meagher;Meagher, MT
37119;Mecklenburg;Mecklenburg, NC
51117;Mecklenburg;Mecklenburg, VA
26107;Mecosta;Mecosta, MI
48325;Medina;Medina, TX
39103;Medina;Medina, OH
27093;Meeker;Meeker, MN
39105;Meigs;Meigs, OH
47121;Meigs;Meigs, TN
68310;Mejit;Mejit, MH
70212;Melekeok;Melekeok, PW
46095;Mellette;Mellette, SD
48327;Menard;Menard, TX
17129;Menard;Menard, IL
06045;Mendocino;Mendocino, CA
21165;Menifee;Menifee, KY
26109;Menominee;Menominee, MI
55078;Menominee;Menominee, WI
06047;Merced;Merced, CA
17131;Mercer;Mercer, IL
21167;Mercer;Mercer, KY
42085;Mercer;Mercer, PA
39107;Mercer;Mercer, OH
38057;Mercer;Mercer, ND
34021;Mercer;Mercer, NJ
29129;Mercer;Mercer, MO
54055;Mercer;Mercer, WV
13199;Meriwether;Meriwether, GA
31121;Merrick;Merrick, NE
33013;Merrimack;Merrimack, NH
08077;Mesa;Mesa, CO
21169;Metcalfe;Metcalfe, KY
20121;Miami;Miami, KS
18103;Miami;Miami, IN
39109;Miami;Miami, OH
12086;Miami-Dade;Miami-Dade, FL
09007;Middlesex;Middlesex, CT
25017;Middlesex;Middlesex, MA
34023;Middlesex;Middlesex, NJ
51119;Middlesex;Middlesex, VA
48329;Midland;Midland, TX
26111;Midland;Midland, MI
74300;Midway Islands;Midway Islands, UM
42087;Mifflin;Mifflin, PA
48331;Milam;Milam, TX
68320;Mili;Mili, MH
49027;Millard;Millard, UT
27095;Mille Lacs;Mille Lacs, MN
13201;Miller;Miller, GA
05091;Miller;Miller, AR
29131;Miller;Miller, MO
48333;Mills;Mills, TX
19129;Mills;Mills, IA
55079;Milwaukee;Milwaukee, WI
46097;Miner;Miner, SD
30061;Mineral;Mineral, MT
32021;Mineral;Mineral, NV
08079;Mineral;Mineral, CO
54057;Mineral;Mineral, WV
54059;Mingo;Mingo, WV
16067;Minidoka;Minidoka, ID
46099;Minnehaha;Minnehaha, SD
26113;Missaukee;Missaukee, MI
05093;Mississippi;Mississippi, AR
29133;Mississippi;Mississippi, MO
30063;Missoula;Missoula, MT
37121;Mitchell;Mitchell, NC
48335;Mitchell;Mitchell, TX
13205;Mitchell;Mitchell, GA
19131;Mitchell;Mitchell, IA
20123;Mitchell;Mitchell, KS
01097;Mobile;Mobile, AL
72099;Moca;Moca, PR
06049;Modoc;Modoc, CA
08081;Moffat;Moffat, CO
04015;Mohave;Mohave, AZ
29135;Moniteau;Moniteau, MO
34025;Monmouth;Monmouth, NJ
06051;Mono;Mono, CA
19133;Monona;Monona, IA
54061;Monongalia;Monongalia, WV
54063;Monroe;Monroe, WV
55081;Monroe;Monroe, WI
19135;Monroe;Monroe, IA
21171;Monroe;Monroe, KY
26115;Monroe;Monroe, MI
28095;Monroe;Monroe, MS
05095;Monroe;Monroe, AR
01099;Monroe;Monroe, AL
12087;Monroe;Monroe, FL
13207;Monroe;Monroe, GA
18105;Monroe;Monroe, IN
17133;Monroe;Monroe, IL
36055;Monroe;Monroe, NY
29137;Monroe;Monroe, MO
39111;Monroe;Monroe, OH
47123;Monroe;Monroe, TN
42089;Monroe;Monroe, PA
48337;Montague;Montague, TX
26117;Montcalm;Montcalm, MI
06053;Monterey;Monterey, CA
08083;Montezuma;Montezuma, CO
13209;Montgomery;Montgomery, GA
17135;Montgomery;Montgomery, IL
18107;Montgomery;Montgomery, IN
05097;Montgomery;Montgomery, AR
01101;Montgomery;Montgomery, AL
24031;Montgomery;Montgomery, MD
28097;Montgomery;Montgomery, MS
21173;Montgomery;Montgomery, KY
19137;Montgomery;Montgomery, IA
20125;Montgomery;Montgomery, KS
48339;Montgomery;Montgomery, TX
47125;Montgomery;Montgomery, TN
51121;Montgomery;Montgomery, VA
42091;Montgomery;Montgomery, PA
39113;Montgomery;Montgomery, OH
37123;Montgomery;Montgomery, NC
29139;Montgomery;Montgomery, MO
36057;Montgomery;Montgomery, NY
26119;Montmorency;Montmorency, MI
42093;Montour;Montour, PA
08085;Montrose;Montrose, CO
46101;Moody;Moody, SD
47127;Moore;Moore, TN
48341;Moore;Moore, TX
37125;Moore;Moore, NC
35033;Mora;Mora, NM
22067;Morehouse;Morehouse, LA
21175;Morgan;Morgan, KY
08087;Morgan;Morgan, CO
13211;Morgan;Morgan, GA
18109;Morgan;Morgan, IN
17137;Morgan;Morgan, IL
01103;Morgan;Morgan, AL
39115;Morgan;Morgan, OH
29141;Morgan;Morgan, MO
47129;Morgan;Morgan, TN
49029;Morgan;Morgan, UT
54065;Morgan;Morgan, WV
72101;Morovis;Morovis, PR
31123;Morrill;Morrill, NE
34027;Morris;Morris, NJ
48343;Morris;Morris, TX
20127;Morris;Morris, KS
27097;Morrison;Morrison, MN
39117;Morrow;Morrow, OH
41049;Morrow;Morrow, OR
38059;Morton;Morton, ND
20129;Morton;Morton, KS
48345;Motley;Motley, TX
17139;Moultrie;Moultrie, IL
38061;Mountrail;Mountrail, ND
27099;Mower;Mower, MN
21177;Muhlenberg;Muhlenberg, KY
41051;Multnomah;Multnomah, OR
40099;Murray;Murray, OK
27101;Murray;Murray, MN
13213;Murray;Murray, GA
19139;Muscatine;Muscatine, IA
13215;Muscogee;Muscogee, GA
26121;Muskegon;Muskegon, MI
39119;Muskingum;Muskingum, OH
40101;Muskogee;Muskogee, OK
30065;Musselshell;Musselshell, MT
48347;Nacogdoches;Nacogdoches, TX
72103;Naguabo;Naguabo, PR
68330;Namorik;Namorik, MH
68340;Namu;Namu, MH
31125;Nance;Nance, NE
25019;Nantucket;Nantucket, MA
06055;Napa;Napa, CA
72105;Naranjito;Naranjito, PR
37127;Nash;Nash, NC
36059;Nassau;Nassau, NY
12089;Nassau;Nassau, FL
22069;Natchitoches;Natchitoches, LA
56025;Natrona;Natrona, WY
04017;Navajo;Navajo, AZ
48349;Navarro;Navarro, TX
74350;Navassa Island;Navassa Island, UM
51125;Nelson;Nelson, VA
38063;Nelson;Nelson, ND
21179;Nelson;Nelson, KY
20131;Nemaha;Nemaha, KS
31127;Nemaha;Nemaha, NE
20133;Neosho;Neosho, KS
28099;Neshoba;Neshoba, MS
20135;Ness;Ness, KS
06057;Nevada;Nevada, CA
05099;Nevada;Nevada, AR
10003;New Castle;New Castle, DE
37129;New Hanover;New Hanover, NC
09009;New Haven;New Haven, CT
51127;New Kent;New Kent, VA
09011;New London;New London, CT
29143;New Madrid;New Madrid, MO
36061;New York;New York, NY
26123;Newaygo;Newaygo, MI
45071;Newberry;Newberry, SC
44005;Newport;Newport, RI
51700;Newport News (city);Newport News (city), VA
48351;Newton;Newton, TX
29145;Newton;Newton, MO
28101;Newton;Newton, MS
13217;Newton;Newton, GA
18111;Newton;Newton, IN
05101;Newton;Newton, AR
16069;Nez Perce;Nez Perce, ID
70214;Ngaraard;Ngaraard, PW
70218;Ngarchelong;Ngarchelong, PW
70222;Ngardmau;Ngardmau, PW
70224;Ngatpang;Ngatpang, PW
70226;Ngchesar;Ngchesar, PW
70227;Ngeremlengui;Ngeremlengui, PW
70228;Ngiwal;Ngiwal, PW
36063;Niagara;Niagara, NY
21181;Nicholas;Nicholas, KY
54067;Nicholas;Nicholas, WV
27103;Nicollet;Nicollet, MN
56027;Niobrara;Niobrara, WY
18113;Noble;Noble, IN
39121;Noble;Noble, OH
40103;Noble;Noble, OK
27105;Nobles;Nobles, MN
29147;Nodaway;Nodaway, MO
48353;Nolan;Nolan, TX
02180;Nome (CA);Nome (CA), AK
25021;Norfolk;Norfolk, MA
51710;Norfolk (city);Norfolk (city), VA
27107;Norman;Norman, MN
02185;North Slope;North Slope, AK
51131;Northampton;Northampton, VA
42095;Northampton;Northampton, PA
37131;Northampton;Northampton, NC
69085;Northern Islands;Northern Islands, MP
42097;Northumberland;Northumberland, PA
51133;Northumberland;Northumberland, VA
02188;Northwest Arctic;Northwest Arctic, AK
20137;Norton;Norton, KS
51720;Norton (city);Norton (city), VA
51135;Nottoway;Nottoway, VA
40105;Nowata;Nowata, OK
28103;Noxubee;Noxubee, MS
31129;Nuckolls;Nuckolls, NE
48355;Nueces;Nueces, TX
32023;Nye;Nye, NV
26125;Oakland;Oakland, MI
47131;Obion;Obion, TN
19141;O Brien;O Brien, IA
34029;Ocean;Ocean, NJ
26127;Oceana;Oceana, MI
48357;Ochiltree;Ochiltree, TX
45073;Oconee;Oconee, SC
13219;Oconee;Oconee, GA
55083;Oconto;Oconto, WI
26129;Ogemaw;Ogemaw, MI
17141;Ogle;Ogle, IL
13221;Oglethorpe;Oglethorpe, GA
18115;Ohio;Ohio, IN
21183;Ohio;Ohio, KY
54069;Ohio;Ohio, WV
12091;Okaloosa;Okaloosa, FL
53047;Okanogan;Okanogan, WA
12093;Okeechobee;Okeechobee, FL
40107;Okfuskee;Okfuskee, OK
40109;Oklahoma;Oklahoma, OK
40111;Okmulgee;Okmulgee, OK
28105;Oktibbeha;Oktibbeha, MS
21185;Oldham;Oldham, KY
48359;Oldham;Oldham, TX
38065;Oliver;Oliver, ND
27109;Olmsted;Olmsted, MN
16071;Oneida;Oneida, ID
36065;Oneida;Oneida, NY
55085;Oneida;Oneida, WI
36067;Onondaga;Onondaga, NY
37133;Onslow;Onslow, NC
36069;Ontario;Ontario, NY
26131;Ontonagon;Ontonagon, MI
12095;Orange;Orange, FL
06059;Orange;Orange, CA
36071;Orange;Orange, NY
37135;Orange;Orange, NC
51137;Orange;Orange, VA
50017;Orange;Orange, VT
45075;Orangeburg;Orangeburg, SC
29149;Oregon;Oregon, MO
36073;Orleans;Orleans, NY
22071;Orleans;Orleans, LA
50019;Orleans;Orleans, VT
72107;Orocovis;Orocovis, PR
20139;Osage;Osage, KS
29151;Osage;Osage, MO
40113;Osage;Osage, OK
20141;Osborne;Osborne, KS
19143;Osceola;Osceola, IA
26133;Osceola;Osceola, MI
12097;Osceola;Osceola, FL
26135;Oscoda;Oscoda, MI
36075;Oswego;Oswego, NY
35035;Otero;Otero, NM
08089;Otero;Otero, CO
31131;Otoe;Otoe, NE
36077;Otsego;Otsego, NY
26137;Otsego;Otsego, MI
26139;Ottawa;Ottawa, MI
20143;Ottawa;Ottawa, KS
39123;Ottawa;Ottawa, OH
40115;Ottawa;Ottawa, OK
27111;Otter Tail;Otter Tail, MN
22073;Ouachita;Ouachita, LA
05103;Ouachita;Ouachita, AR
08091;Ouray;Ouray, CO
55087;Outagamie;Outagamie, WI
47133;Overton;Overton, TN
18119;Owen;Owen, IN
21187;Owen;Owen, KY
21189;Owsley;Owsley, KY
16073;Owyhee;Owyhee, ID
23017;Oxford;Oxford, ME
29153;Ozark;Ozark, MO
55089;Ozaukee;Ozaukee, WI
02201;P. of Wales-O. Ketchikan (CA);P. of Wales-O. Ketchikan (CA), AK
53049;Pacific;Pacific, WA
19145;Page;Page, IA
51139;Page;Page, VA
12099;Palm Beach;Palm Beach, FL
74400;Palmyra Atoll;Palmyra Atoll, UM
19147;Palo Alto;Palo Alto, IA
48363;Palo Pinto;Palo Pinto, TX
37137;Pamlico;Pamlico, NC
48365;Panola;Panola, TX
28107;Panola;Panola, MS
08093;Park;Park, CO
30067;Park;Park, MT
56029;Park;Park, WY
18121;Parke;Parke, IN
48367;Parker;Parker, TX
48369;Parmer;Parmer, TX
12101;Pasco;Pasco, FL
37139;Pasquotank;Pasquotank, NC
34031;Passaic;Passaic, NJ
72109;Patillas;Patillas, PR
51141;Patrick;Patrick, VA
39125;Paulding;Paulding, OH
13223;Paulding;Paulding, GA
20145;Pawnee;Pawnee, KS
31133;Pawnee;Pawnee, NE
40117;Pawnee;Pawnee, OK
16075;Payette;Payette, ID
40119;Payne;Payne, OK
13225;Peach;Peach, GA
28109;Pearl River;Pearl River, MS
48371;Pecos;Pecos, TX
70350;Peleliu;Peleliu, PW
38067;Pembina;Pembina, ND
29155;Pemiscot;Pemiscot, MO
53051;Pend Oreille;Pend Oreille, WA
37141;Pender;Pender, NC
21191;Pendleton;Pendleton, KY
54071;Pendleton;Pendleton, WV
27113;Pennington;Pennington, MN
46103;Pennington;Pennington, SD
23019;Penobscot;Penobscot, ME
72111;Penuelas;Penuelas, PR
17143;Peoria;Peoria, IL
55091;Pepin;Pepin, WI
46105;Perkins;Perkins, SD
31135;Perkins;Perkins, NE
37143;Perquimans;Perquimans, NC
39127;Perry;Perry, OH
29157;Perry;Perry, MO
47135;Perry;Perry, TN
42099;Perry;Perry, PA
17145;Perry;Perry, IL
18123;Perry;Perry, IN
01105;Perry;Perry, AL
05105;Perry;Perry, AR
28111;Perry;Perry, MS
21193;Perry;Perry, KY
32027;Pershing;Pershing, NV
37145;Person;Person, NC
51730;Petersburg (city);Petersburg (city), VA
30069;Petroleum;Petroleum, MT
29159;Pettis;Pettis, MO
29161;Phelps;Phelps, MO
31137;Phelps;Phelps, NE
42101;Philadelphia;Philadelphia, PA
30071;Phillips;Phillips, MT
20147;Phillips;Phillips, KS
05107;Phillips;Phillips, AR
08095;Phillips;Phillips, CO
17147;Piatt;Piatt, IL
39129;Pickaway;Pickaway, OH
45077;Pickens;Pickens, SC
13227;Pickens;Pickens, GA
01107;Pickens;Pickens, AL
47137;Pickett;Pickett, TN
38069;Pierce;Pierce, ND
31139;Pierce;Pierce, NE
13229;Pierce;Pierce, GA
53053;Pierce;Pierce, WA
55093;Pierce;Pierce, WI
13231;Pike;Pike, GA
17149;Pike;Pike, IL
18125;Pike;Pike, IN
01109;Pike;Pike, AL
05109;Pike;Pike, AR
21195;Pike;Pike, KY
28113;Pike;Pike, MS
29163;Pike;Pike, MO
39131;Pike;Pike, OH
42103;Pike;Pike, PA
04019;Pima;Pima, AZ
04021;Pinal;Pinal, AZ
27115;Pine;Pine, MN
12103;Pinellas;Pinellas, FL
27117;Pipestone;Pipestone, MN
23021;Piscataquis;Piscataquis, ME
08097;Pitkin;Pitkin, CO
37147;Pitt;Pitt, NC
40121;Pittsburg;Pittsburg, OK
51143;Pittsylvania;Pittsylvania, VA
49031;Piute;Piute, UT
06061;Placer;Placer, CA
22075;Plaquemines;Plaquemines, LA
29165;Platte;Platte, MO
31141;Platte;Platte, NE
56031;Platte;Platte, WY
54073;Pleasants;Pleasants, WV
06063;Plumas;Plumas, CA
19149;Plymouth;Plymouth, IA
25023;Plymouth;Plymouth, MA
19151;Pocahontas;Pocahontas, IA
54075;Pocahontas;Pocahontas, WV
64040;Pohnpei;Pohnpei, FM
05111;Poinsett;Poinsett, AR
22077;Pointe Coupee;Pointe Coupee, LA
19153;Polk;Polk, IA
27119;Polk;Polk, MN
05113;Polk;Polk, AR
12105;Polk;Polk, FL
13233;Polk;Polk, GA
31143;Polk;Polk, NE
29167;Polk;Polk, MO
37149;Polk;Polk, NC
41053;Polk;Polk, OR
47139;Polk;Polk, TN
48373;Polk;Polk, TX
55095;Polk;Polk, WI
72113;Ponce;Ponce, PR
30073;Pondera;Pondera, MT
40123;Pontotoc;Pontotoc, OK
28115;Pontotoc;Pontotoc, MS
27121;Pope;Pope, MN
17151;Pope;Pope, IL
05115;Pope;Pope, AR
51735;Poquoson (city);Poquoson (city), VA
55097;Portage;Portage, WI
39133;Portage;Portage, OH
18127;Porter;Porter, IN
51740;Portsmouth (city);Portsmouth (city), VA
18129;Posey;Posey, IN
20149;Pottawatomie;Pottawatomie, KS
40125;Pottawatomie;Pottawatomie, OK
19155;Pottawattamie;Pottawattamie, IA
42105;Potter;Potter, PA
48375;Potter;Potter, TX
46107;Potter;Potter, SD
30075;Powder River;Powder River, MT
30077;Powell;Powell, MT
21197;Powell;Powell, KY
16077;Power;Power, ID
19157;Poweshiek;Poweshiek, IA
51145;Powhatan;Powhatan, VA
30079;Prairie;Prairie, MT
05117;Prairie;Prairie, AR
20151;Pratt;Pratt, KS
39135;Preble;Preble, OH
28117;Prentiss;Prentiss, MS
48377;Presidio;Presidio, TX
26141;Presque Isle;Presque Isle, MI
54077;Preston;Preston, WV
55099;Price;Price, WI
51147;Prince Edward;Prince Edward, VA
51149;Prince George;Prince George, VA
24033;Prince George s;Prince George s, MD
51153;Prince William;Prince William, VA
44007;Providence;Providence, RI
08099;Prowers;Prowers, CO
08101;Pueblo;Pueblo, CO
13235;Pulaski;Pulaski, GA
18131;Pulaski;Pulaski, IN
17153;Pulaski;Pulaski, IL
05119;Pulaski;Pulaski, AR
21199;Pulaski;Pulaski, KY
51155;Pulaski;Pulaski, VA
29169;Pulaski;Pulaski, MO
40127;Pushmataha;Pushmataha, OK
47141;Putnam;Putnam, TN
29171;Putnam;Putnam, MO
36079;Putnam;Putnam, NY
39137;Putnam;Putnam, OH
12107;Putnam;Putnam, FL
17155;Putnam;Putnam, IL
18133;Putnam;Putnam, IN
13237;Putnam;Putnam, GA
54079;Putnam;Putnam, WV
35037;Quay;Quay, NM
72115;Quebradillas;Quebradillas, PR
24035;Queen Anne s;Queen Anne s, MD
36081;Queens;Queens, NY
28119;Quitman;Quitman, MS
13239;Quitman;Quitman, GA
13241;Rabun;Rabun, GA
55101;Racine;Racine, WI
51750;Radford (city);Radford (city), VA
48379;Rains;Rains, TX
54081;Raleigh;Raleigh, WV
29173;Ralls;Ralls, MO
38071;Ramsey;Ramsey, ND
27123;Ramsey;Ramsey, MN
48381;Randall;Randall, TX
37151;Randolph;Randolph, NC
29175;Randolph;Randolph, MO
13243;Randolph;Randolph, GA
18135;Randolph;Randolph, IN
17157;Randolph;Randolph, IL
05121;Randolph;Randolph, AR
01111;Randolph;Randolph, AL
54083;Randolph;Randolph, WV
28121;Rankin;Rankin, MS
38073;Ransom;Ransom, ND
22079;Rapides;Rapides, LA
51157;Rappahannock;Rappahannock, VA
30081;Ravalli;Ravalli, MT
20153;Rawlins;Rawlins, KS
29177;Ray;Ray, MO
48383;Reagan;Reagan, TX
48385;Real;Real, TX
27125;Red Lake;Red Lake, MN
22081;Red River;Red River, LA
48387;Red River;Red River, TX
31145;Red Willow;Red Willow, NE
27127;Redwood;Redwood, MN
48389;Reeves;Reeves, TX
48391;Refugio;Refugio, TX
20155;Reno;Reno, KS
36083;Rensselaer;Rensselaer, NY
38075;Renville;Renville, ND
27129;Renville;Renville, MN
20157;Republic;Republic, KS
29179;Reynolds;Reynolds, MO
47143;Rhea;Rhea, TN
20159;Rice;Rice, KS
27131;Rice;Rice, MN
49033;Rich;Rich, UT
31147;Richardson;Richardson, NE
30083;Richland;Richland, MT
38077;Richland;Richland, ND
39139;Richland;Richland, OH
45079;Richland;Richland, SC
22083;Richland;Richland, LA
17159;Richland;Richland, IL
55103;Richland;Richland, WI
13245;Richmond;Richmond, GA
51159;Richmond;Richmond, VA
37153;Richmond;Richmond, NC
36085;Richmond;Richmond, NY
51760;Richmond (city);Richmond (city), VA
20161;Riley;Riley, KS
72117;Rincon;Rincon, PR
19159;Ringgold;Ringgold, IA
35039;Rio Arriba;Rio Arriba, NM
08103;Rio Blanco;Rio Blanco, CO
08105;Rio Grande;Rio Grande, CO
72119;Rio Grande;Rio Grande, PR
18137;Ripley;Ripley, IN
29181;Ripley;Ripley, MO
54085;Ritchie;Ritchie, WV
06065;Riverside;Riverside, CA
47145;Roane;Roane, TN
54087;Roane;Roane, WV
51161;Roanoke;Roanoke, VA
51770;Roanoke (city);Roanoke (city), VA
46109;Roberts;Roberts, SD
48393;Roberts;Roberts, TX
48395;Robertson;Robertson, TX
47147;Robertson;Robertson, TN
21201;Robertson;Robertson, KY
37155;Robeson;Robeson, NC
31149;Rock;Rock, NE
27133;Rock;Rock, MN
55105;Rock;Rock, WI
17161;Rock Island;Rock Island, IL
51163;Rockbridge;Rockbridge, VA
21203;Rockcastle;Rockcastle, KY
13247;Rockdale;Rockdale, GA
51165;Rockingham;Rockingham, VA
33015;Rockingham;Rockingham, NH
37157;Rockingham;Rockingham, NC
36087;Rockland;Rockland, NY
48397;Rockwall;Rockwall, TX
40129;Roger Mills;Roger Mills, OK
40131;Rogers;Rogers, OK
38079;Rolette;Rolette, ND
68350;Rongelap;Rongelap, MH
68360;Rongrik;Rongrik, MH
20163;Rooks;Rooks, KS
35041;Roosevelt;Roosevelt, NM
30085;Roosevelt;Roosevelt, MT
26143;Roscommon;Roscommon, MI
60030;Rose Island;Rose Island, AS
27135;Roseau;Roseau, MN
30087;Rosebud;Rosebud, MT
39141;Ross;Ross, OH
69100;Rota;Rota, MP
08107;Routt;Routt, CO
21205;Rowan;Rowan, KY
37159;Rowan;Rowan, NC
48399;Runnels;Runnels, TX
20165;Rush;Rush, KS
18139;Rush;Rush, IN
48401;Rusk;Rusk, TX
55107;Rusk;Rusk, WI
51167;Russell;Russell, VA
01113;Russell;Russell, AL
20167;Russell;Russell, KS
21207;Russell;Russell, KY
47149;Rutherford;Rutherford, TN
37161;Rutherford;Rutherford, NC
50021;Rutland;Rutland, VT
72121;Sabana Grande;Sabana Grande, PR
48403;Sabine;Sabine, TX
22085;Sabine;Sabine, LA
19161;Sac;Sac, IA
06067;Sacramento;Sacramento, CA
23023;Sagadahoc;Sagadahoc, ME
26145;Saginaw;Saginaw, MI
08109;Saguache;Saguache, CO
69110;Saipan;Saipan, MP
34033;Salem;Salem, NJ
51775;Salem (city);Salem (city), VA
72123;Salinas;Salinas, PR
31151;Saline;Saline, NE
29195;Saline;Saline, MO
17165;Saline;Saline, IL
05125;Saline;Saline, AR
20169;Saline;Saline, KS
49035;Salt Lake;Salt Lake, UT
45081;Saluda;Saluda, SC
37163;Sampson;Sampson, NC
48405;San Augustine;San Augustine, TX
06069;San Benito;San Benito, CA
06071;San Bernardino;San Bernardino, CA
06073;San Diego;San Diego, CA
06075;San Francisco;San Francisco, CA
72125;San German;San German, PR
48407;San Jacinto;San Jacinto, TX
06077;San Joaquin;San Joaquin, CA
08111;San Juan;San Juan, CO
49037;San Juan;San Juan, UT
35045;San Juan;San Juan, NM
72127;San Juan;San Juan, PR
53055;San Juan;San Juan, WA
72129;San Lorenzo;San Lorenzo, PR
06079;San Luis Obispo;San Luis Obispo, CA
06081;San Mateo;San Mateo, CA
08113;San Miguel;San Miguel, CO
35047;San Miguel;San Miguel, NM
48409;San Patricio;San Patricio, TX
48411;San Saba;San Saba, TX
72131;San Sebastian;San Sebastian, PR
46111;Sanborn;Sanborn, SD
30089;Sanders;Sanders, MT
35043;Sandoval;Sandoval, NM
39143;Sandusky;Sandusky, OH
17167;Sangamon;Sangamon, IL
26151;Sanilac;Sanilac, MI
49039;Sanpete;Sanpete, UT
06083;Santa Barbara;Santa Barbara, CA
06085;Santa Clara;Santa Clara, CA
06087;Santa Cruz;Santa Cruz, CA
04023;Santa Cruz;Santa Cruz, AZ
35049;Santa Fe;Santa Fe, NM
72133;Santa Isabel;Santa Isabel, PR
12113;Santa Rosa;Santa Rosa, FL
12115;Sarasota;Sarasota, FL
36091;Saratoga;Saratoga, NY
38081;Sargent;Sargent, ND
31153;Sarpy;Sarpy, NE
55111;Sauk;Sauk, WI
31155;Saunders;Saunders, NE
55113;Sawyer;Sawyer, WI
36093;Schenectady;Schenectady, NY
48413;Schleicher;Schleicher, TX
13249;Schley;Schley, GA
36095;Schoharie;Schoharie, NY
26153;Schoolcraft;Schoolcraft, MI
17169;Schuyler;Schuyler, IL
36097;Schuyler;Schuyler, NY
29197;Schuyler;Schuyler, MO
42107;Schuylkill;Schuylkill, PA
39145;Scioto;Scioto, OH
37165;Scotland;Scotland, NC
29199;Scotland;Scotland, MO
29201;Scott;Scott, MO
47151;Scott;Scott, TN
51169;Scott;Scott, VA
17171;Scott;Scott, IL
18143;Scott;Scott, IN
05127;Scott;Scott, AR
27139;Scott;Scott, MN
28123;Scott;Scott, MS
20171;Scott;Scott, KS
19163;Scott;Scott, IA
21209;Scott;Scott, KY
31157;Scotts Bluff;Scotts Bluff, NE
13251;Screven;Screven, GA
48415;Scurry;Scurry, TX
05129;Searcy;Searcy, AR
05131;Sebastian;Sebastian, AR
08115;Sedgwick;Sedgwick, CO
20173;Sedgwick;Sedgwick, KS
12117;Seminole;Seminole, FL
13253;Seminole;Seminole, GA
40133;Seminole;Seminole, OK
36099;Seneca;Seneca, NY
39147;Seneca;Seneca, OH
47153;Sequatchie;Sequatchie, TN
40135;Sequoyah;Sequoyah, OK
47155;Sevier;Sevier, TN
49041;Sevier;Sevier, UT
05133;Sevier;Sevier, AR
20175;Seward;Seward, KS
31159;Seward;Seward, NE
48417;Shackelford;Shackelford, TX
46113;Shannon;Shannon, SD
29203;Shannon;Shannon, MO
28125;Sharkey;Sharkey, MS
05135;Sharp;Sharp, AR
06089;Shasta;Shasta, CA
55115;Shawano;Shawano, WI
20177;Shawnee;Shawnee, KS
55117;Sheboygan;Sheboygan, WI
19165;Shelby;Shelby, IA
21211;Shelby;Shelby, KY
01117;Shelby;Shelby, AL
18145;Shelby;Shelby, IN
17173;Shelby;Shelby, IL
29205;Shelby;Shelby, MO
39149;Shelby;Shelby, OH
47157;Shelby;Shelby, TN
48419;Shelby;Shelby, TX
51171;Shenandoah;Shenandoah, VA
27141;Sherburne;Sherburne, MN
20179;Sheridan;Sheridan, KS
38083;Sheridan;Sheridan, ND
31161;Sheridan;Sheridan, NE
30091;Sheridan;Sheridan, MT
56033;Sheridan;Sheridan, WY
31163;Sherman;Sherman, NE
41055;Sherman;Sherman, OR
48421;Sherman;Sherman, TX
20181;Sherman;Sherman, KS
26155;Shiawassee;Shiawassee, MI
16079;Shoshone;Shoshone, ID
27143;Sibley;Sibley, MN
06091;Sierra;Sierra, CA
35051;Sierra;Sierra, NM
30093;Silver Bow;Silver Bow, MT
28127;Simpson;Simpson, MS
21213;Simpson;Simpson, KY
19167;Sioux;Sioux, IA
31165;Sioux;Sioux, NE
38085;Sioux;Sioux, ND
06093;Siskiyou;Siskiyou, CA
02220;Sitka;Sitka, AK
53057;Skagit;Skagit, WA
02230;Skagway;Skagway, AK
53059;Skamania;Skamania, WA
38087;Slope;Slope, ND
48423;Smith;Smith, TX
47159;Smith;Smith, TN
20183;Smith;Smith, KS
51173;Smyth;Smyth, VA
53061;Snohomish;Snohomish, WA
42109;Snyder;Snyder, PA
35053;Socorro;Socorro, NM
06095;Solano;Solano, CA
23025;Somerset;Somerset, ME
42111;Somerset;Somerset, PA
34035;Somerset;Somerset, NJ
24039;Somerset;Somerset, MD
48425;Somervell;Somervell, TX
06097;Sonoma;Sonoma, CA
70370;Sonsorol;Sonsorol, PW
51175;Southampton;Southampton, VA
02240;Southeast Fairbanks (CA);Southeast Fairbanks (CA), AK
13255;Spalding;Spalding, GA
45083;Spartanburg;Spartanburg, SC
18147;Spencer;Spencer, IN
21215;Spencer;Spencer, KY
46115;Spink;Spink, SD
53063;Spokane;Spokane, WA
51177;Spotsylvania;Spotsylvania, VA
22087;St. Bernard;St. Bernard, LA
22089;St. Charles;St. Charles, LA
29183;St. Charles;St. Charles, MO
29185;St. Clair;St. Clair, MO
26147;St. Clair;St. Clair, MI
17163;St. Clair;St. Clair, IL
01115;St. Clair;St. Clair, AL
55109;St. Croix;St. Croix, WI
78010;St. Croix;St. Croix, VI
05123;St. Francis;St. Francis, AR
29187;St. Francois;St. Francois, MO
22091;St. Helena;St. Helena, LA
22093;St. James;St. James, LA
78020;St. John;St. John, VI
22095;St. John the Baptist;St. John the Baptist, LA
12109;St. Johns;St. Johns, FL
18141;St. Joseph;St. Joseph, IN
26149;St. Joseph;St. Joseph, MI
22097;St. Landry;St. Landry, LA
36089;St. Lawrence;St. Lawrence, NY
29189;St. Louis;St. Louis, MO
27137;St. Louis;St. Louis, MN
29510;St. Louis (city);St. Louis (city), MO
12111;St. Lucie;St. Lucie, FL
22099;St. Martin;St. Martin, LA
22101;St. Mary;St. Mary, LA
24037;St. Mary s;St. Mary s, MD
22103;St. Tammany;St. Tammany, LA
78030;St. Thomas;St. Thomas, VI
20185;Stafford;Stafford, KS
51179;Stafford;Stafford, VA
06099;Stanislaus;Stanislaus, CA
46117;Stanley;Stanley, SD
37167;Stanly;Stanly, NC
31167;Stanton;Stanton, NE
20187;Stanton;Stanton, KS
17175;Stark;Stark, IL
38089;Stark;Stark, ND
39151;Stark;Stark, OH
18149;Starke;Starke, IN
48427;Starr;Starr, TX
51790;Staunton (city);Staunton (city), VA
29186;Ste. Genevieve;Ste. Genevieve, MO
27145;Stearns;Stearns, MN
27147;Steele;Steele, MN
38091;Steele;Steele, ND
48429;Stephens;Stephens, TX
40137;Stephens;Stephens, OK
13257;Stephens;Stephens, GA
17177;Stephenson;Stephenson, IL
48431;Sterling;Sterling, TX
36101;Steuben;Steuben, NY
18151;Steuben;Steuben, IN
27149;Stevens;Stevens, MN
20189;Stevens;Stevens, KS
53065;Stevens;Stevens, WA
13259;Stewart;Stewart, GA
47161;Stewart;Stewart, TN
30095;Stillwater;Stillwater, MT
29207;Stoddard;Stoddard, MO
37169;Stokes;Stokes, NC
29209;Stone;Stone, MO
05137;Stone;Stone, AR
28131;Stone;Stone, MS
48433;Stonewall;Stonewall, TX
32029;Storey;Storey, NV
19169;Story;Story, IA
33017;Strafford;Strafford, NH
38093;Stutsman;Stutsman, ND
56035;Sublette;Sublette, WY
36103;Suffolk;Suffolk, NY
25025;Suffolk;Suffolk, MA
51800;Suffolk (city);Suffolk (city), VA
18153;Sullivan;Sullivan, IN
36105;Sullivan;Sullivan, NY
33019;Sullivan;Sullivan, NH
29211;Sullivan;Sullivan, MO
47163;Sullivan;Sullivan, TN
42113;Sullivan;Sullivan, PA
46119;Sully;Sully, SD
54089;Summers;Summers, WV
49043;Summit;Summit, UT
39153;Summit;Summit, OH
08117;Summit;Summit, CO
20191;Sumner;Sumner, KS
47165;Sumner;Sumner, TN
45085;Sumter;Sumter, SC
12119;Sumter;Sumter, FL
13261;Sumter;Sumter, GA
01119;Sumter;Sumter, AL
28133;Sunflower;Sunflower, MS
51181;Surry;Surry, VA
37171;Surry;Surry, NC
42115;Susquehanna;Susquehanna, PA
51183;Sussex;Sussex, VA
34037;Sussex;Sussex, NJ
10005;Sussex;Sussex, DE
06101;Sutter;Sutter, CA
48435;Sutton;Sutton, TX
12121;Suwannee;Suwannee, FL
37173;Swain;Swain, NC
60040;Swains Island;Swains Island, AS
30097;Sweet Grass;Sweet Grass, MT
56037;Sweetwater;Sweetwater, WY
27151;Swift;Swift, MN
48437;Swisher;Swisher, TX
18155;Switzerland;Switzerland, IN
13263;Talbot;Talbot, GA
24041;Talbot;Talbot, MD
13265;Taliaferro;Taliaferro, GA
01121;Talladega;Talladega, AL
28135;Tallahatchie;Tallahatchie, MS
01123;Tallapoosa;Tallapoosa, AL
19171;Tama;Tama, IA
29213;Taney;Taney, MO
22105;Tangipahoa;Tangipahoa, LA
35055;Taos;Taos, NM
48439;Tarrant;Tarrant, TX
28137;Tate;Tate, MS
13267;Tattnall;Tattnall, GA
13269;Taylor;Taylor, GA
12123;Taylor;Taylor, FL
21217;Taylor;Taylor, KY
19173;Taylor;Taylor, IA
48441;Taylor;Taylor, TX
54091;Taylor;Taylor, WV
55119;Taylor;Taylor, WI
51185;Tazewell;Tazewell, VA
17179;Tazewell;Tazewell, IL
06103;Tehama;Tehama, CA
13271;Telfair;Telfair, GA
08119;Teller;Teller, CO
22107;Tensas;Tensas, LA
22109;Terrebonne;Terrebonne, LA
13273;Terrell;Terrell, GA
48443;Terrell;Terrell, TX
48445;Terry;Terry, TX
30099;Teton;Teton, MT
16081;Teton;Teton, ID
56039;Teton;Teton, WY
29215;Texas;Texas, MO
40139;Texas;Texas, OK
31169;Thayer;Thayer, NE
31171;Thomas;Thomas, NE
13275;Thomas;Thomas, GA
20193;Thomas;Thomas, KS
48447;Throckmorton;Throckmorton, TX
31173;Thurston;Thurston, NE
53067;Thurston;Thurston, WA
13277;Tift;Tift, GA
41057;Tillamook;Tillamook, OR
40141;Tillman;Tillman, OK
69120;Tinian;Tinian, MP
42117;Tioga;Tioga, PA
36107;Tioga;Tioga, NY
28139;Tippah;Tippah, MS
18157;Tippecanoe;Tippecanoe, IN
18159;Tipton;Tipton, IN
47167;Tipton;Tipton, TN
28141;Tishomingo;Tishomingo, MS
48449;Titus;Titus, TX
72135;Toa Alta;Toa Alta, PR
72137;Toa Baja;Toa Baja, PR
46121;Todd;Todd, SD
27153;Todd;Todd, MN
21219;Todd;Todd, KY
68385;Toke;Toke, MH
09013;Tolland;Tolland, CT
48451;Tom Green;Tom Green, TX
36109;Tompkins;Tompkins, NY
49045;Tooele;Tooele, UT
30101;Toole;Toole, MT
13279;Toombs;Toombs, GA
35057;Torrance;Torrance, NM
38095;Towner;Towner, ND
13281;Towns;Towns, GA
38097;Traill;Traill, ND
37175;Transylvania;Transylvania, NC
27155;Traverse;Traverse, MN
48453;Travis;Travis, TX
30103;Treasure;Treasure, MT
20195;Trego;Trego, KS
55121;Trempealeau;Trempealeau, WI
13283;Treutlen;Treutlen, GA
21221;Trigg;Trigg, KY
21223;Trimble;Trimble, KY
06105;Trinity;Trinity, CA
48455;Trinity;Trinity, TX
46123;Tripp;Tripp, SD
13285;Troup;Troup, GA
47169;Trousdale;Trousdale, TN
72139;Trujillo Alto;Trujillo Alto, PR
39155;Trumbull;Trumbull, OH
54093;Tucker;Tucker, WV
06107;Tulare;Tulare, CA
40143;Tulsa;Tulsa, OK
28143;Tunica;Tunica, MS
06109;Tuolumne;Tuolumne, CA
13287;Turner;Turner, GA
46125;Turner;Turner, SD
01125;Tuscaloosa;Tuscaloosa, AL
39157;Tuscarawas;Tuscarawas, OH
26157;Tuscola;Tuscola, MI
13289;Twiggs;Twiggs, GA
16083;Twin Falls;Twin Falls, ID
48457;Tyler;Tyler, TX
54095;Tyler;Tyler, WV
37177;Tyrrell;Tyrrell, NC
56041;Uinta;Uinta, WY
49047;Uintah;Uintah, UT
68390;Ujae;Ujae, MH
68400;Ujelang;Ujelang, MH
36111;Ulster;Ulster, NY
41059;Umatilla;Umatilla, OR
47171;Unicoi;Unicoi, TN
47173;Union;Union, TN
46127;Union;Union, SD
35059;Union;Union, NM
45087;Union;Union, SC
42119;Union;Union, PA
41061;Union;Union, OR
39159;Union;Union, OH
37179;Union;Union, NC
34039;Union;Union, NJ
12125;Union;Union, FL
18161;Union;Union, IN
17181;Union;Union, IL
05139;Union;Union, AR
21225;Union;Union, KY
22111;Union;Union, LA
19175;Union;Union, IA
UNK;unknown;unknown
48459;Upshur;Upshur, TX
54097;Upshur;Upshur, WV
13293;Upson;Upson, GA
48461;Upton;Upton, TX
49049;Utah;Utah, UT
68410;Utrik;Utrik, MH
72141;Utuado;Utuado, PR
48463;Uvalde;Uvalde, TX
48465;Val Verde;Val Verde, TX
02261;Valdez-Cordova (CA);Valdez-Cordova (CA), AK
35061;Valencia;Valencia, NM
30105;Valley;Valley, MT
31175;Valley;Valley, NE
16085;Valley;Valley, ID
05141;Van Buren;Van Buren, AR
19177;Van Buren;Van Buren, IA
26159;Van Buren;Van Buren, MI
47175;Van Buren;Van Buren, TN
39161;Van Wert;Van Wert, OH
48467;Van Zandt;Van Zandt, TX
37181;Vance;Vance, NC
18163;Vanderburgh;Vanderburgh, IN
72143;Vega Alta;Vega Alta, PR
72145;Vega Baja;Vega Baja, PR
42121;Venango;Venango, PA
06111;Ventura;Ventura, CA
17183;Vermilion;Vermilion, IL
22113;Vermilion;Vermilion, LA
18165;Vermillion;Vermillion, IN
22115;Vernon;Vernon, LA
29217;Vernon;Vernon, MO
55123;Vernon;Vernon, WI
48469;Victoria;Victoria, TX
72147;Vieques;Vieques, PR
18167;Vigo;Vigo, IN
55125;Vilas;Vilas, WI
72149;Villalba;Villalba, PR
39163;Vinton;Vinton, OH
51810;Virginia Beach (city);Virginia Beach (city), VA
12127;Volusia;Volusia, FL
18169;Wabash;Wabash, IN
17185;Wabash;Wabash, IL
27157;Wabasha;Wabasha, MN
20197;Wabaunsee;Wabaunsee, KS
02270;Wade Hampton (CA);Wade Hampton (CA), AK
27159;Wadena;Wadena, MN
40145;Wagoner;Wagoner, OK
53069;Wahkiakum;Wahkiakum, WA
37183;Wake;Wake, NC
74450;Wake Island;Wake Island, UM
12129;Wakulla;Wakulla, FL
23027;Waldo;Waldo, ME
13295;Walker;Walker, GA
01127;Walker;Walker, AL
48471;Walker;Walker, TX
53071;Walla Walla;Walla Walla, WA
20199;Wallace;Wallace, KS
48473;Waller;Waller, TX
41063;Wallowa;Wallowa, OR
38099;Walsh;Walsh, ND
28147;Walthall;Walthall, MS
13297;Walton;Walton, GA
12131;Walton;Walton, FL
46129;Walworth;Walworth, SD
55127;Walworth;Walworth, WI
19179;Wapello;Wapello, IA
48475;Ward;Ward, TX
38101;Ward;Ward, ND
13299;Ware;Ware, GA
13301;Warren;Warren, GA
17187;Warren;Warren, IL
18171;Warren;Warren, IN
19181;Warren;Warren, IA
21227;Warren;Warren, KY
28149;Warren;Warren, MS
37185;Warren;Warren, NC
36113;Warren;Warren, NY
39165;Warren;Warren, OH
29219;Warren;Warren, MO
34041;Warren;Warren, NJ
47177;Warren;Warren, TN
51187;Warren;Warren, VA
42123;Warren;Warren, PA
18173;Warrick;Warrick, IN
49051;Wasatch;Wasatch, UT
41065;Wasco;Wasco, OR
27161;Waseca;Waseca, MN
56043;Washakie;Washakie, WY
55129;Washburn;Washburn, WI
55131;Washington;Washington, WI
50023;Washington;Washington, VT
44009;Washington;Washington, RI
27163;Washington;Washington, MN
28151;Washington;Washington, MS
23029;Washington;Washington, ME
21229;Washington;Washington, KY
22117;Washington;Washington, LA
19183;Washington;Washington, IA
20201;Washington;Washington, KS
18175;Washington;Washington, IN
17189;Washington;Washington, IL
13303;Washington;Washington, GA
12133;Washington;Washington, FL
08121;Washington;Washington, CO
16087;Washington;Washington, ID
01129;Washington;Washington, AL
05143;Washington;Washington, AR
41067;Washington;Washington, OR
39167;Washington;Washington, OH
36115;Washington;Washington, NY
37187;Washington;Washington, NC
24043;Washington;Washington, MD
31177;Washington;Washington, NE
29221;Washington;Washington, MO
49053;Washington;Washington, UT
47179;Washington;Washington, TN
51191;Washington;Washington, VA
48477;Washington;Washington, TX
42125;Washington;Washington, PA
40147;Washington;Washington, OK
40149;Washita;Washita, OK
32031;Washoe;Washoe, NV
26161;Washtenaw;Washtenaw, MI
37189;Watauga;Watauga, NC
27165;Watonwan;Watonwan, MN
55133;Waukesha;Waukesha, WI
55135;Waupaca;Waupaca, WI
55137;Waushara;Waushara, WI
54099;Wayne;Wayne, WV
28153;Wayne;Wayne, MS
26163;Wayne;Wayne, MI
19185;Wayne;Wayne, IA
21231;Wayne;Wayne, KY
13305;Wayne;Wayne, GA
17191;Wayne;Wayne, IL
18177;Wayne;Wayne, IN
37191;Wayne;Wayne, NC
36117;Wayne;Wayne, NY
39169;Wayne;Wayne, OH
31179;Wayne;Wayne, NE
29223;Wayne;Wayne, MO
42127;Wayne;Wayne, PA
47181;Wayne;Wayne, TN
49055;Wayne;Wayne, UT
51820;Waynesboro (city);Waynesboro (city), VA
47183;Weakley;Weakley, TN
48479;Webb;Webb, TX
49057;Weber;Weber, UT
29225;Webster;Webster, MO
31181;Webster;Webster, NE
13307;Webster;Webster, GA
21233;Webster;Webster, KY
22119;Webster;Webster, LA
19187;Webster;Webster, IA
28155;Webster;Webster, MS
54101;Webster;Webster, WV
08123;Weld;Weld, CO
18179;Wells;Wells, IN
38103;Wells;Wells, ND
22121;West Baton Rouge;West Baton Rouge, LA
22123;West Carroll;West Carroll, LA
22125;West Feliciana;West Feliciana, LA
36119;Westchester;Westchester, NY
60050;Western;Western, AS
51193;Westmoreland;Westmoreland, VA
42129;Westmoreland;Westmoreland, PA
56045;Weston;Weston, WY
54103;Wetzel;Wetzel, WV
26165;Wexford;Wexford, MI
48481;Wharton;Wharton, TX
53073;Whatcom;Whatcom, WA
30107;Wheatland;Wheatland, MT
31183;Wheeler;Wheeler, NE
41069;Wheeler;Wheeler, OR
48483;Wheeler;Wheeler, TX
13309;Wheeler;Wheeler, GA
13311;White;White, GA
18181;White;White, IN
17193;White;White, IL
05145;White;White, AR
47185;White;White, TN
32033;White Pine;White Pine, NV
17195;Whiteside;Whiteside, IL
13313;Whitfield;Whitfield, GA
18183;Whitley;Whitley, IN
21235;Whitley;Whitley, KY
53075;Whitman;Whitman, WA
30109;Wibaux;Wibaux, MT
48485;Wichita;Wichita, TX
20203;Wichita;Wichita, KS
24045;Wicomico;Wicomico, MD
48487;Wilbarger;Wilbarger, TX
13315;Wilcox;Wilcox, GA
01131;Wilcox;Wilcox, AL
13317;Wilkes;Wilkes, GA
37193;Wilkes;Wilkes, NC
27167;Wilkin;Wilkin, MN
28157;Wilkinson;Wilkinson, MS
13319;Wilkinson;Wilkinson, GA
17197;Will;Will, IL
48489;Willacy;Willacy, TX
38105;Williams;Williams, ND
39171;Williams;Williams, OH
45089;Williamsburg;Williamsburg, SC
51830;Williamsburg (city);Williamsburg (city), VA
48491;Williamson;Williamson, TX
47187;Williamson;Williamson, TN
17199;Williamson;Williamson, IL
20205;Wilson;Wilson, KS
47189;Wilson;Wilson, TN
48493;Wilson;Wilson, TX
37195;Wilson;Wilson, NC
51840;Winchester (city);Winchester (city), VA
50025;Windham;Windham, VT
09015;Windham;Windham, CT
50027;Windsor;Windsor, VT
48495;Winkler;Winkler, TX
22127;Winn;Winn, LA
19189;Winnebago;Winnebago, IA
17201;Winnebago;Winnebago, IL
55139;Winnebago;Winnebago, WI
19191;Winneshiek;Winneshiek, IA
27169;Winona;Winona, MN
28159;Winston;Winston, MS
01133;Winston;Winston, AL
54105;Wirt;Wirt, WV
48497;Wise;Wise, TX
51195;Wise;Wise, VA
21237;Wolfe;Wolfe, KY
48499;Wood;Wood, TX
39173;Wood;Wood, OH
54107;Wood;Wood, WV
55141;Wood;Wood, WI
19193;Woodbury;Woodbury, IA
21239;Woodford;Woodford, KY
17203;Woodford;Woodford, IL
05147;Woodruff;Woodruff, AR
40151;Woods;Woods, OK
20207;Woodson;Woodson, KS
40153;Woodward;Woodward, OK
24047;Worcester;Worcester, MD
25027;Worcester;Worcester, MA
19195;Worth;Worth, IA
13321;Worth;Worth, GA
29227;Worth;Worth, MO
68420;Wotho;Wotho, MH
68430;Wotje;Wotje, MH
02280;Wrangell-Petersburg (CA);Wrangell-Petersburg (CA), AK
19197;Wright;Wright, IA
27171;Wright;Wright, MN
29229;Wright;Wright, MO
39175;Wyandot;Wyandot, OH
20209;Wyandotte;Wyandotte, KS
36121;Wyoming;Wyoming, NY
42131;Wyoming;Wyoming, PA
54109;Wyoming;Wyoming, WV
51197;Wythe;Wythe, VA
72151;Yabucoa;Yabucoa, PR
37197;Yadkin;Yadkin, NC
53077;Yakima;Yakima, WA
02282;Yakutat;Yakutat, AK
28161;Yalobusha;Yalobusha, MS
41071;Yamhill;Yamhill, OR
37199;Yancey;Yancey, NC
46135;Yankton;Yankton, SD
64060;Yap;Yap, FM
36123;Yates;Yates, NY
72153;Yauco;Yauco, PR
04025;Yavapai;Yavapai, AZ
28163;Yazoo;Yazoo, MS
05149;Yell;Yell, AR
27173;Yellow Medicine;Yellow Medicine, MN
30111;Yellowstone;Yellowstone, MT
48501;Yoakum;Yoakum, TX
06113;Yolo;Yolo, CA
23031;York;York, ME
51199;York;York, VA
42133;York;York, PA
45091;York;York, SC
31185;York;York, NE
48503;Young;Young, TX
06115;Yuba;Yuba, CA
02290;Yukon-Koyukuk (CA);Yukon-Koyukuk (CA), AK
04027;Yuma;Yuma, AZ
08125;Yuma;Yuma, CO
48505;Zapata;Zapata, TX
48507;Zavala;Zavala, TX
46137;Ziebach;Ziebach, SD
